rowid,name,address,lat,lon,website,phone,category,description,youtubeurl,images,logo,facebook,instagram,linkedin,tiktok,whatsapp,mainoslinkit,karusellipaino,tyyppi,voimassaolo_loppuu,rss,tags,alue_slug,kunta_slug,email,kuvat,videot,whatsapp_1,palvelutapa,service_mode,service_radius,service_note,lisatieto,yhteydenottohistoria
305,Sähköpalvelu Valoisat Oy,"Jakotie 8 A, 41310 Leppävesi, Laukaa, Suomi","62,3180731","25,8462068",https://www.valoisat.fi,358505510234,Sähköpalvelut,"Sähköpalvelu Valoisat Oy tarjoaa sähköasennukset, huollot ja korjaukset kotitalouksille, taloyhtiöille ja yrityksille. Yritys asentaa myös ilmalämpöpumput, ilma-vesilämpöpumput sekä aurinkopaneelit. Palvelu perustuu ammattitaitoon, luotettavuuteen ja asiakaslähtöiseen toteutukseen.",,[],,,,,,358505510234,"[""https://www.valoisat.fi""]",,,,,"sähkötyöt, sähköasennus, sähköhuolto, ilmalämpöpumppu, aurinkopaneelit, sähköliike, Laukaa, Leppävesi, Keski-Suomi, sähköurakointi",Leppävesi,Laukaa,[miika@valoisat.fi](mailto:miika@valoisat.fi),[],[],358505510234,"toimipiste, etapalvelu",SERVICE_AREA,100,Palvelee Laukaan lisäksi laajasti Keski-Suomen alueella.,Yritys perustettu vuonna 2021. S2- ja kylmäaineluvat mahdollistavat lämpöpumppujen ja aurinkosähköjärjestelmien asennukset.,
304,Sähkötyöt Rissanen Oy,"Välilänraitti 5, 41400 Lievestuore, Laukaa, Suomi","62,2486505","26,215428",https://www.sahkotarvikkeet.com,358409645545,Sähkötarvikkeet ja sähköpalvelut,"Sähkötyöt Rissanen Oy on Lievestuoreella toimiva yritys, joka tarjoaa laajan valikoiman sähkötarvikkeita verkkokaupasta sekä sähköasennuspalveluita Keski-Suomen alueella. Valikoimaan kuuluu mm. valaisimet, termostaatit, kaapelit, pistorasiat ja muut sähköalan tuotteet.",,[],,,,,,358409645545,"[""https://www.sahkotarvikkeet.com""]",,,,,"sähkötarvikkeet, sähköasennus, valaisimet, termostaatit, sähköliike, verkkokauppa, Lievestuore, Laukaa, Keski-Suomi, sähkötyöt",Lievestuore,Laukaa,[sami.rissanen@strissanen.fi](mailto:sami.rissanen@strissanen.fi),[],[],358409645545,"toimipiste, verkkokauppa, etapalvelu",SERVICE_AREA,100,"Verkkokauppa toimittaa koko Suomeen, asennuspalvelut Keski-Suomen alueella.","Perheyritys, joka tarjoaa sekä tuotteet että asennuspalvelut saman katon alta.",
303,Puusepänliike Tourunen Oy,"Yläpohjantie 110, 41180 Vehniä, Laukaa, Suomi","62,4512425","25,6645704",https://www.psltourunen.fi,358400531170,Kalusteet ja puusepäntyöt,"Puusepänliike Tourunen Oy on yli 40 vuotta alalla toiminut yritys, joka suunnittelee, valmistaa ja asentaa kiintokalusteita sekä mittatilauskalusteita koteihin ja kohteisiin ympäri Suomen. Palveluihin kuuluvat mm. keittiökalusteet, kylpyhuonekalusteet, liukuovet, komerot sekä erikoismitoitetut kalusteratkaisut. ([psltourunen.fi][1])",,[],,,,,,358400531170,"[""https://www.psltourunen.fi""]",,,,,"puuseppä, kalusteet, mittatilauskalusteet, keittiökalusteet, liukuovet, komerot, kylpyhuonekalusteet, kiintokalusteet, asennuspalvelu, Laukaa, Vehniä",Vehniä,Laukaa,[tapani.tourunen@psltourunen.fi](mailto:tapani.tourunen@psltourunen.fi),[],[],358400531170,"toimipiste, etapalvelu",SERVICE_AREA,200,"Palvelee asiakkaita koko Suomessa, suunnittelu, valmistus ja asennus.",Perustettu vuonna 1981. Pitkä kokemus kiintokalusteista ja yksilöllisistä ratkaisuista koteihin.,
302,Laukaan Rakennustyö,"Laukaa, Keski-Suomi, Suomi",,,https://www.laukaarakennustyo.fi,,Rakennuspalvelut,"Laukaan Rakennustyö tarjoaa monipuolisia rakennus- ja remontointipalveluita Laukaan ja Keski-Suomen alueella. Palveluihin kuuluvat mm. uudisrakentaminen, saneeraukset, huoneistoremontit, terassit, ulkorakennukset sekä muut kirvesmiestyöt.",,[],,,,,,,"[""https://www.laukaarakennustyo.fi""]",,,,,"rakennus, remontointi, saneeraus, uudisrakentaminen, kirvesmies, rakennuspalvelut, talonrakennus, huoneistoremontti, terassirakentaminen, ulkorakennukset, Keski-Suomi, Laukaa",Laukaa,Laukaa,,[],[],,"toimipiste, etapalvelu",SERVICE_AREA,50,Palvelualue kattaa Laukaan lisäksi lähialueet Keski-Suomessa sopimuksen mukaan.,"Paikallinen rakennusalan yritys, joka palvelee yksityis- ja yritysasiakkaita joustavasti.",
272,Rengaskanava Oy,"Rokkamäentie 1, laukaa","62,4229172","25,9161713",,,Auto ja kuljetus,,,,,,,,,,,,ilmainen,,,rengasliike,Laukaa kk,Laukaa,,,,,,,,,,
37,Arskan Autopalvelu,"Sepänpolku 2, 41310 Leppävesi","62,308658","25,828992",https://www.arskanautopalvelu.fi,,Auto ja kuljetus,,,,,,,,,,,,ilmainen,,,autokorjaamot,Leppävesi,Laukaa,,,,,,,,,,
38,Asennuspalvelu J.Karvinen Oy,"Rokkakankaantie 10, Laukaa","62,420774","25,914737",,,Auto ja kuljetus,,,,,,,,,,,,ilmainen,,,autokorjaamot,Laukaa kk,Laukaa,,,,,,,,,,
39,Autokorjaamo Heikki Valkonen (AD Autokorjaamo),"Rokkakankaantie , Laukaa","62,420022","25,915509",,,Auto ja kuljetus,,,,,,,,,,,,ilmainen,,,autokorjaamot,Laukaa kk,Laukaa,,,,,,,,,,
40,Autokorjaamo J Ala-Könni Oy,"mestarintie 10, 41310 Leppävesi","62,310322","25,837418",,,Auto ja kuljetus,,,,,,,,,,,,ilmainen,,,autokorjaamot,Leppävesi,Laukaa,,,,,,,,,,
41,Autokorjaamo Kari-Huolto Leppävesi,"Sepänpolku, Leppävesi","62,308393","25,828803",https://www.karihuolto.fi,,Auto ja kuljetus,,,,,,,,,,,,ilmainen,,,autokorjaamot,Leppävesi,Laukaa,,,,,,,,,,
42,Automaalaamo Autokori Oy,"Sepänrinne 2, 41320 Leppävesi","62,312156","25,832979",,,Auto ja kuljetus,,,,,,,,,,,,ilmainen,,,autokorjaamot,Leppävesi,Laukaa,,,,,,,,,,
45,GTI Car Center Oy,"Leppävedenkatu 11, 41310 Leppävesi","62,306717","25,830774",https://www.gticarcenter.fi,,Auto ja kuljetus,,,,,,,,,,,,ilmainen,,,automyynti,Leppävesi,Laukaa,,,,,,,,,,
47,Gyvers Garage,"Kumpurinne 7, 41310 Leppävesi","62,315175","25,84471",,,Auto ja kuljetus,,,,,,,,,,,,ilmainen,,,autokorjaamot,Leppävesi,Laukaa,,,,,,,,,,
48,Hytösen korjaamo,Eerolantie 20 41310 Leppävesi,"62,331933","25,85097",,,Auto ja kuljetus,,,,,,,,,,,,ilmainen,,,autokorjaamot,Leppävesi,Laukaa,,,,,,,,,,
49,Jannen Autokorjaus,"Sepänpolku 2, 41310 Leppävesi","62,308658","25,828992",,,Auto ja kuljetus,,,,,,,,,,,,ilmainen,,,autokorjaamot,Leppävesi,Laukaa,,,,,,,,,,
50,Jeltek,Suolehdontie 5 41330 Vihtavuori,"62,374045","25,904668",,,Auto ja kuljetus,,,,,,,,,,,,ilmainen,,,automyynti,Vihtavuori,Laukaa,,,,,,,,,,
51,JKL Asennus Oy,"Sikomäentie 28, 41330 Vihtavuori","62,358643","25,878944",,,Auto ja kuljetus,,,,,,,,,,,,ilmainen,,,autokorjaamot,Vihtavuori,Laukaa,,,,,,,,,,
54,Konehuolto Myyryläinen Oy,"Pirtinmutka 1, 41400 Laukaa Lievestuore","62,256325","26,179575",,,Auto ja kuljetus,,,,,,,,,,,,ilmainen,,,autokorjaamot,Lievestuore,Laukaa,,,,,,,,,,
55,LeiskarT,"Keihästie 3 , Laukaa","62,420943","25,949759",https://www.leiskart.fi,,Auto ja kuljetus,,,,,,,,,,,,ilmainen,,,karting,Laukaa kk,Laukaa,,,,,,,,,,
56,LRA-Raskashuolto Oy,"Valkolantie 432, 41360 Valkola","62,453063","25,815663",,,Auto ja kuljetus,,,,,,,,,,,,ilmainen,,,raskaskonehuolto,Laukaa kk,Laukaa,,,,,,,,,,
57,Möykky Oy,Simunankoskentie 5 as 1 41325 Laukkavirta,"62,381996","26,069474",,,Auto ja kuljetus,,,,,,,,,,,,ilmainen,,,autokorjaamot,Vihtavuori,Laukaa,,,,,,,,,,
58,Pajakulma Oy,"Rajamäentie 5, 41310 Leppävesi","62,304463","25,823967",https://www.pajakulma.fi,,Auto ja kuljetus,,,,,,,,,,,,ilmainen,,,raskaskonehuolto,Leppävesi,Laukaa,,,,,,,,,,
60,Printsport Oy,"Hohontie, Lievestuore","62,262311","26,205728",https://www.printsport.fi,,Auto ja kuljetus,,,,,,,,,,,,ilmainen,,,,Lievestuore,Laukaa,,,,,,,,,,
61,RJJ - Huolto & Pesu Oy,"Mestarintie 4, 41310 Leppävesi","62,310851","25,837865",,,Auto ja kuljetus,,,,,,,,,,,,ilmainen,,,autokorjaamot,Leppävesi,Laukaa,,,,,,,,,,
62,Scania Suomi Oy,"Hallaperäntie 8, 41310 Leppävesi","62,310083","25,844583",https://www.scania.com,,Auto ja kuljetus,,,,,,,,,,,,ilmainen,,,raskaskonehuolto,Leppävesi,Laukaa,,,,,,,,,,
63,Sepän Automaalaus,"Sepänpolku 2, 41310 Leppävesi","62,308658","25,828992",https://automaalaus.com,,Auto ja kuljetus,,,,,,,,,,,,ilmainen,,,automaalaamo,Leppävesi,Laukaa,,,,,,,,,,
64,Service Palonen,"Kuhankoskentie 34, 41340 Laukaa","62,370075","25,966047",,,Auto ja kuljetus,,,,,,,,,,,,ilmainen,,,autokorjaamot,Vihtavuori,Laukaa,,,,,,,,,,
66,SK Raskashuolto,"Järvikalliontie 11, 41330 Vihtasilta","62,34745","25,922152",,,Auto ja kuljetus,,,,,,,,,,,,ilmainen,,,raskaskonehuolto,Vihtavuori,Laukaa,,,,,,,,,,
67,T:mi Ari Hokkanen,"Saarilammintie, 41400 Lievestuore","62,323959","26,197631",,,Auto ja kuljetus,,,,,,,,,,,,ilmainen,,,autokorjaamot,Lievestuore,Laukaa,,,,,,,,,,
68,T:mi Autopalvelu Timo Lehtonen,"Ruuhimäentie 1, Lievestuore","62,24585","26,13574",,,Auto ja kuljetus,,,,,,,,,,,,ilmainen,,,autokorjaamot,Lievestuore,Laukaa,,,,,,,,,,
69,T:mi Autopesu Hietex,"Sepänpolku 3, 41310 LEPPÄVESI","62,308459","25,828069",,,Auto ja kuljetus,,,,,,,,,,,,ilmainen,,,autopesu,Leppävesi,Laukaa,,,,,,,,,,
70,T:mi Huolto-Kaksikko S. Roiha,"Sepänpolku 3, 41310 LEPPÄVESI","62,308459","25,828069",,,Auto ja kuljetus,,,,,,,,,,,,ilmainen,,,autokorjaamot,Leppävesi,Laukaa,,,,,,,,,,
71,T:mi Jarkon korjaus ja apu,"Vehmasahontie 27, 41330 Vihtavuori","62,371646","25,90886",,,Auto ja kuljetus,,,,,,,,,,,,ilmainen,,,autokorjaamot,Vihtavuori,Laukaa,,,,,,,,,,
72,T:mi Jarno Räty,"Järvilinnantie 10, 41330 Vihtasilta","62,347911","25,928725",,,Auto ja kuljetus,,,,,,,,,,,,ilmainen,,,autokorjaamot,Vihtavuori,Laukaa,,,,,,,,,,
73,T:mi Jukka Häkkinen,"Raikkolantie 45, 41310 Leppävesi","62,317926","25,873315",,,Auto ja kuljetus,,,,,,,,,,,,ilmainen,,,konetyöt,Leppävesi,Laukaa,,,,,,,,,,
74,T:mi Monitoimi Kiiski,"kuhalantie 5, 41330 Vihtavuori","62,362755","25,915511",,,Auto ja kuljetus,,,,,,,,,,,,ilmainen,,,autokorjaamot,Vihtavuori,Laukaa,,,,,,,,,,
75,T:mi T. Lauttaanaho,Kalliomäentie 108 41340 Laukaa,"62,397853","25,91613",https://www.lauttaanaho.com,,Auto ja kuljetus,,,,,,,,,,,,ilmainen,,,autokorjaamot,Laukaa kk,Laukaa,,,,,,,,,,
76,T:mi Tero Hytönen,"Tahkomäentie 33, 41400 Lievestuore","62,25538627","26,27307389",,,Auto ja kuljetus,,,,,,,,,,,,ilmainen,,,autokorjaamot,Lievestuore,Laukaa,,,,,,,,,,
77,T:mi Tommi Kauppinen,"lapinjärventie 376, 41400 Lievestuore","62,23785039","26,23955145",,,Auto ja kuljetus,,,,,,,,,,,,ilmainen,,,autokorjaamot,Lievestuore,Laukaa,,,,,,,,,,
78,Tecvest Oy,"Petäälammentie 8, 41340 Laukaa","62,402968","25,926898",,,Auto ja kuljetus,,,,,,,,,,,,ilmainen,,,autokorjaamot,Laukaa kk,Laukaa,,,,,,,,,,
79,TH-Pesu Oy,"Raunilantie, 41340 Laukaa","62,405814","25,938492",https://thpesu.fi,,Auto ja kuljetus,,,,,,,,,,,,ilmainen,,,autopesu,Laukaa kk,Laukaa,,,,,,,,,,
80,Wakpal Oy,"Sepänpolku 5, 41310 Leppävesi","62,308601","25,827597",https://www.wakpal.fi,,Auto ja kuljetus,,,,,,,,,,,,ilmainen,,,autokorjaamot,Leppävesi,Laukaa,,,,,,,,,,
81,Vuonteen Kolaripaja,"Saviontie 361, 41330 Vihtavuori","62,332432","25,957084",,,Auto ja kuljetus,,,,,,,,,,,,ilmainen,,,autokorjaamot,Vihtavuori,Laukaa,,,,,,,,,,
253,Laukaan Autohuoltamo Oy (ST1 KAHVILA),"Yläniementie 51, 41340 Laukaa","62,419092","25,943997",https://www.st1.fi,,Auto ja kuljetus,,,,,,,,,,,,ilmainen,,,"autokorjaamot, kahvila",Laukaa kk,Laukaa,,,,,,,,,,
83,Alko Oy (Alko),"Vuojärventie 1, 41340 Laukaa","62,414238","25,94795",https://www.alko.fi,35820692771,Elintarvikkeet,,,,,,,,,,,,ilmainen,,,,Laukaa kk,Laukaa,,,,,,,,,,
84,Espedet Oy (K-Supermarket),"Vuokaari 2, 41340 Laukaa","62,413063","25,947868",https://www.k-ruoka.fi,358143480096,Elintarvikkeet,,,,,,,,,,,,ilmainen,,,,Laukaa kk,Laukaa,,,,,,,,,,
86,J. Kaurola Avoin yhtiö (K-MARKET TIITUS),"Tiituspohjantie 36, 41310 Laukaa","62,321887","25,842783",https://www.k-ruoka.fi,358505167955,Elintarvikkeet,,,,,,,,,,,,ilmainen,,,,Leppävesi,Laukaa,,,,,,,,,,
87,Kalaliike Pentti Rossi,"Särkeäläntie 122, 41390 Äijälä","62,51578881","26,06896776",,358400157640,Elintarvikkeet,,,,,,,,,,,,ilmainen,,,kala,Laukaa kk,Laukaa,,,,,,,,,,
88,Keliapakari,"Jokipurontie 5, 41390 Laukaa","62,513841","26,034776",,358405555757,Elintarvikkeet,,,,,,,,,,,,ilmainen,,,leipomo,Laukaa kk,Laukaa,,,,,,,,,,
89,Keski-Suomen Lihavarras Oy,"Simontie 1, 41400 Lievestuore","62,259919","26,210033",,358500190985,Elintarvikkeet,,,,,,,,,,,,ilmainen,,,lihatuotteet,Lievestuore,Laukaa,,,,,,,,,,
92,Lidi Suomi Ky,"Vuojärventie 4, 41340 Laukaa","62,41485","25,945942",https://corporate.lidl.fi/,,Elintarvikkeet,,,,,,,,,,,,ilmainen,,,,Laukaa kk,Laukaa,,,,,,,,,,
94,Osuuskauppa Keskimaa (S-Market),"Liepeentie 17, 41400 Lievestuore","62,262105","26,200473",https://keskimaa.fi,,Elintarvikkeet,,,,,,,,,,,,ilmainen,,,,Lievestuore,Laukaa,,,,,,,,,,
95,P. Helppi Ky (K-MARKET VIHTORI),"Haavistontie 2, 41330 Laukaa","62,366741","25,901552",https://www.k-ruoka.fi,358143771906,Elintarvikkeet,,,,,,,,,,,,ilmainen,,,,Vihtavuori,Laukaa,,,,,,,,,,
96,Raudaskala,"Muonamiehenkuja 19, 41340 Laukaa","62,393386","25,942106",https://www.raudaskala.fi,358405357340,Elintarvikkeet,,,,,,,,,,,,ilmainen,,,kala,Vihtavuori,Laukaa,,,,,,,,,,
97,T:mi Juhani P.E. Lampinen,"Majasaarentie 5 A, 41400 Laukaa","62,269722","26,193466",,358405319078,Elintarvikkeet,,,,,,,,,,,,ilmainen,,,kala,Lievestuore,Laukaa,,,,,,,,,,
98,T:mi Tökös,"Hermannintie, 41330 Laukaa","62,369927","25,892968",,358504662140,Elintarvikkeet,,,,,,,,,,,,ilmainen,,,lihatuotteet,Vihtavuori,Laukaa,,,,,,,,,,
99,Tmi Riihipellon Leipäpuu Kotileipomo,"Lummelahdentie 109, 41400 Laukaa","62,2897","26,099202",,,Elintarvikkeet,,,,,,,,,,,,ilmainen,,,leipomo,Lievestuore,Laukaa,,,,,,,,,,
294,Koivulan savukala,Lievestuore,,,https://koivulansavukala.fi/,,Elintarvikkeet,,,,,,,,,,,,ilmainen,,,kala,Lievestuore,Laukaa,,,,,,,,,,
274,Kotihoito A-M Huttunen,"Marjarinne 20, Vihtavuori","62,3719","25,9124",,,Hyvinvointi ja terveys,,,,,,,,,,,,ilmainen,,,kotihoito,Vihtavuori,Laukaa,,,,,,,,,,
269,Terveys- ja hyvinvointipalvelu Riina Raitio,"Huminankuja 2, 41400 Lievestuore","62,2604021","26,1947594",https://www.terveysjahyvinvointipalveluriinaraitio.com/,35804578358213,Hyvinvointi ja terveys,Sairaanhoitajan kotikäynnit ja vastaanotolla tehtävät pientoimenpiteet. @@ Elämäntapavalmennus innostavalla ja ammattitaitoisella otteella. Neurologinen ja urologinen hoitotyö erikoisosaamisena.,,"[""https://4b9cdf2285.clvaw-cdnwnd.com/e41d23daa8f17ba31d36b02f427c05ba/200000072-a9f8ba9f8c/Riina-9.webp?ph=4b9cdf2285"", ""https://4b9cdf2285.clvaw-cdnwnd.com/e41d23daa8f17ba31d36b02f427c05ba/200000066-c94edc94ef/mainoskuva%20liiketila-min%C3%A4.webp?ph=4b9cdf2285"", ""https://4b9cdf2285.clvaw-cdnwnd.com/e41d23daa8f17ba31d36b02f427c05ba/200000079-396b9396bc/Riina-30.webp?ph=4b9cdf2285""]",https://ik.imagekit.io/vowzx8znjs/mediazoo/yritys/firefox_TpslkdgJdf.png,https://www.facebook.com/profile.php?id=100078630100543,https://instagram.com/tmiriinaraitio,,,,"[""https://www.laukaainfo.fi/yritys/rr.html""]",,maksu,,,terveys,Lievestuore,Laukaa,,,,,,,,,,
3,Eevan fysioterapia,"Liepeentie 11, 41400 Lievestuore","62,261255","26,195788",,358405221063,Hyvinvointi ja terveys,,,,,,,,,,,,ilmainen,,,"hieronta, fysioterapia",Lievestuore,Laukaa,,,,,,,,,,
6,Fysioterapia Ehyt,"Ilvestie 1, 41310 Laukaa","62,324483","25,835142",https://www.fysioterapiaehyt.fi/,358503640445,Hyvinvointi ja terveys,,,,,,,,,,,,ilmainen,,,"hieronta, fysioterapia",Leppävesi,Laukaa,,,,,,,,,,
7,Fysioterapia Oiva Ky,"Liepeentie 11, 41400 Laukaa","62,261","26,196",,,Hyvinvointi ja terveys,,,,,,,,,,,,ilmainen,,,hieronta,Lievestuore,Laukaa,,,,,,,,,,
8,Fysioterapiapalvelu Hannele Kerkelä,"Arwidssonintie, 41340 Laukaa","62,4107","25,91018",,,Hyvinvointi ja terveys,,,,,,,,,,,,ilmainen,,,hieronta,Laukaa kk,Laukaa,,,,,,,,,,
9,Hermoratahieroja Hilkka Jokitalo,"Lehtorinne 2 as 2, 41310 Laukaa","62,313839","25,842369",,358451400199,Hyvinvointi ja terveys,,,,,,,,,,,,ilmainen,,,hieronta,Leppävesi,Laukaa,,,,,,,,,,
10,Hieroja Antero Kumpu,"Keskustie 3, 41330 Laukaa","62,412937","25,952818",https://hierontakumpu.fi,358407187330,Hyvinvointi ja terveys,,,,,,,,,,,,ilmainen,,,hieronta,Laukaa kk,Laukaa,,,,,,,,,,
11,Hierontapalvelu Soul&Body,"Lääsäntie 65, 41330 Laukaa","62,348509","25,935989",,358445431239,Hyvinvointi ja terveys,,,,,,,,,,,,ilmainen,,,hieronta,Vihtavuori,Laukaa,,,,,,,,,,
12,Hierontapalvelut Anni Lappalainen,"Liepeentie 4, 41400 Lievestuore","62,26057","26,195382",,358443273008,Hyvinvointi ja terveys,,,,,,,,,,,,ilmainen,,,hieronta,Lievestuore,Laukaa,,,,,,,,,,
15,Katja Säpsä,"Mäntyrinne 1 , 41310 Laukaa","62,330451","25,836878",,358407227386,Hyvinvointi ja terveys,,,,,,,,,,,,ilmainen,,,kauneuspalvelut,Leppävesi,Laukaa,,,,,,,,,,
16,Hieroja Anni Piilonen,"Oitinlammentie 31, 41370 Laukaa","62,452716","25,939241",,358407166948,Hyvinvointi ja terveys,,,,,,,,,,,,ilmainen,,,hieronta,Laukaa kk,Laukaa,,,,,,,,,,
18,Laukaan Toimintaterapia,"Brittilänranta 16, 41330 Laukaa","62,3752849","25,9204993",https://www.laukaantoimintaterapia.fi,358505457099,Hyvinvointi ja terveys,,,,,,,,,,,,ilmainen,,,toimintaterapia,Vihtavuori,Laukaa,,,,,,,,,,
20,Liikkeen Viisaus,"Brittilänranta 20, 41330 Laukaa","62,3750971","25,9220388",,358405772305,Hyvinvointi ja terveys,,,,,,,,,,,,ilmainen,,,fysioterapia,Vihtavuori,Laukaa,,,,,,,,,,
23,OneFit,"Muonamiehenkuja 13, 41340 Laukaa","62,394145","25,941988",,358408470820,Hyvinvointi ja terveys,,,,,,,,,,,,ilmainen,,,fysioterapia,Vihtavuori,Laukaa,,,,,,,,,,
27,Ruskan Riemut Oy,"Salmirannankuja 5, 41370 Laukaa","62,504019","25,873488",https://www.ruskanriemut.fi,358505893254,Hyvinvointi ja terveys,,,,,,,,,,,,ilmainen,,,Työnohjaus,Laukaa kk,Laukaa,,,,,,,,,,
28,Sanna Niinikoski,"Rysäkuja 3, Laukaa","62,374734","25,922104",https://www.vello.fi/sannaniinikoski,358409643642,Hyvinvointi ja terveys,,,,,,,,,,,,ilmainen,,,hieronta,Vihtavuori,Laukaa,,,,,,,,,,
29,Senilix Os et Musculus,"Kantolantie 10, 41340 Laukaa","62,409956","25,950166",https://www.senilix.fi,358409382230,Hyvinvointi ja terveys,,,,,,,,,,,,ilmainen,,,hieronta,Laukaa kk,Laukaa,,,,,,,,,,
30,Suomen Terveystalo Oy,"Ruutitehtaantie 80, 41330 Laukaa","62,372252","25,874265",https://www.terveystalo.com,,Hyvinvointi ja terveys,,,,,,,,,,,,ilmainen,,,,Vihtavuori,Laukaa,,,,,,,,,,
32,Laukaan hieronta ja kauneussalonki,"Laukaantie 18, laukaa","62,414123","25,956217",https://booksalon.fi/laukaan-hieronta-ja-kauneussalonki,,Hyvinvointi ja terveys,,,,,,,,,,,,ilmainen,,,"hieronta, kauneuspalvelut",Laukaa kk,Laukaa,,,,,,,,,,
33,Hyvinvointipalvelu Vire,"Liepeentie 4, 41400 Lievestuore","62,26057","26,195382",https://hyvinvointipalveluvire.fi/,358503309984,Hyvinvointi ja terveys,,,,,,,,,,,,ilmainen,,,"hieronta, koirahieronta",Lievestuore,Laukaa,,,,,,,,,,
35,Tmi Tuula Laiho,"Laukaantie 12, 41340 Laukaa","62,412412","25,958548",,358503041412,Hyvinvointi ja terveys,,,,,,,,,,,,ilmainen,,,fysioterapia,Laukaa kk,Laukaa,,,,,,,,,,
36,Tmi Heini Riekkinen,"Helvinkuja 3, 41400 Laukaa","62,273622","26,223787",https://www.bunion.fi,358505419420,Hyvinvointi ja terveys,,,,,,,,,,,,ilmainen,,,jalkahoito,Lievestuore,Laukaa,,,,,,,,,,
106,Hermoratahieronta KIPaway,"Liepeentie 730, 41400 Laukaa","62,260564","26,194781",,358453424883,Hyvinvointi ja terveys,,,,,,,,,,,,ilmainen,,,hieronta,Lievestuore,Laukaa,,,,,,,,,,
107,Hieroja Veijo Karvonen,"Saarnikuja 4, 41330 Laukaa","62,371876","25,91056",,358400190155,Hyvinvointi ja terveys,,,,,,,,,,,,ilmainen,,,hieronta,Vihtavuori,Laukaa,,,,,,,,,,
108,Hierontahelmi,"Kankaanpääntie 85, 41350 Laukaa","62,414726","25,916919",,358456755219,Hyvinvointi ja terveys,,,,,,,,,,,,ilmainen,,,hieronta,Laukaa kk,Laukaa,,,,,,,,,,
109,Hierontapalvelu Virpi Myyryläinen,"Laitisentie 7 B 11, 41400 Laukaa","62,267823","26,212446",,358400917024,Hyvinvointi ja terveys,,,,,,,,,,,,ilmainen,,,hieronta,Lievestuore,Laukaa,,,,,,,,,,
110,In Essence,"Simonpolku 1, 41310 Laukaa","62,33186","25,843495",,358504133387,Hyvinvointi ja terveys,,,,,,,,,,,,ilmainen,,,,Leppävesi,Laukaa,,,,,,,,,,
111,Keski-Suomen Hieronta- ja lymfaterapiakeskus,"Veräjätie 7 B 6, 41340 Laukaa","62,422693","25,958098",,358405952681,Hyvinvointi ja terveys,,,,,,,,,,,,ilmainen,,,hieronta,Laukaa kk,Laukaa,,,,,,,,,,
112,Koulutettu hieroja Antti-Pekka Ahonen,"Laukaantie 22, 41340 Laukaa","62,41454","25,954354",,358406846574,Hyvinvointi ja terveys,,,,,,,,,,,,ilmainen,,,hieronta,Laukaa kk,Laukaa,,,,,,,,,,
113,Koulutettu hieroja Veera Vihtari,"Hietalantie 68, 41370 Laukaa","62,450583","25,957996",,358505722773,Hyvinvointi ja terveys,,,,,,,,,,,,ilmainen,,,hieronta,Laukaa kk,Laukaa,,,,,,,,,,
114,Luontaishoitola Enkelihuone,"Katajatie 1, 41400 Laukaa","62,263334","26,211195",,358407789624,Hyvinvointi ja terveys,,,,,,,,,,,,ilmainen,,,,Lievestuore,Laukaa,,,,,,,,,,
115,Marjo Niininen koulutettu hieroja,"Koskisentie 2 As 10, 41340 Laukaa","62,405791","25,936804",,358445344304,Hyvinvointi ja terveys,,,,,,,,,,,,ilmainen,,,hieronta,Laukaa kk,Laukaa,,,,,,,,,,
122,Tmi Maarit Roth HR-Hieronta,"Paavolantie 20, 41180 Laukaa","62,458728","25,667487",,358505969944,Hyvinvointi ja terveys,,,,,,,,,,,,ilmainen,,,hieronta,Vehniä,Laukaa,,,,,,,,,,
125,Kauneuspuoti Amelie,"Laukaantie 22, 41340 Laukaa","62,41454","25,954354",https://www.kauneuspuotiamelie.fi,358452628165,Hyvinvointi ja terveys,,,,,,,,,,,,ilmainen,,,kauneuspalvelut,Laukaa kk,Laukaa,,,,,,,,,,
126,Astellen,"Välitie 3, 41310 Laukaa","62,319522","25,845535",,,Hyvinvointi ja terveys,,,,,,,,,,,,ilmainen,,,kauneuspalvelut,Leppävesi,Laukaa,,,,,,,,,,
127,Evellina's Beauty,"Muuttolantie 23, 41340 Laukaa","62,425049","25,944893",,358405122918,Hyvinvointi ja terveys,,,,,,,,,,,,ilmainen,,,kauneuspalvelut,Laukaa kk,Laukaa,,,,,,,,,,
128,Eve Nails,"Mariankuja 6, 41330 Laukaa","62,376994","25,91108",https://www.evenails.fi,358503313773,Hyvinvointi ja terveys,,,,,,,,,,,,ilmainen,,,kynsihoito,Vihtavuori,Laukaa,,,,,,,,,,
130,Parturi-Kampaamo Carpe Diem,"Laukaantie 15, 41340 Laukaa","62,413718","25,956601",,358458870320,Hyvinvointi ja terveys,,,,,,,,,,,,ilmainen,,,parturikampaamo,Laukaa kk,Laukaa,,,,,,,,,,
132,Hiushuone Sonja,"Liepeentie 6, 41400 Laukaa","62,260987","26,197633",,358400907054,Hyvinvointi ja terveys,,,,,,,,,,,,ilmainen,,,parturikampaamo,Lievestuore,Laukaa,,,,,,,,,,
135,Kauneushoitola Ania,"Huminankuja 2, 41400 Laukaa Lievestuore","62,2604021","26,1947594",,358407558641,Hyvinvointi ja terveys,,,,,,,,,,,,ilmainen,,,kauneuspalvelut,Lievestuore,Laukaa,,,,,,,,,,
136,Kauneushoitola Tunne,"Laukaantie 15, 41340 Laukaa","62,413718","25,956601",https://www.kauneushoitolatunne.fi,358406354003,Hyvinvointi ja terveys,,,,,,,,,,,,ilmainen,,,kauneuspalvelut,Laukaa kk,Laukaa,,,,,,,,,,
137,Kauneuspörssi,"Laukaantie 18, 41340 Laukaa","62,414123","25,956217",,35814832505,Hyvinvointi ja terveys,,,,,,,,,,,,ilmainen,,,kauneuspalvelut,Laukaa kk,Laukaa,,,,,,,,,,
140,Kosmetologi Helena Manninen,"Peurungantie 85, 41340 Laukaa","62,43412","25,896808",,,Hyvinvointi ja terveys,,,,,,,,,,,,ilmainen,,,kauneuspalvelut,Laukaa kk,Laukaa,,,,,,,,,,
146,Parturi-Kampaamo Anita Kuniala,"Laukaantie 18, 41340 Laukaa","62,4141233","25,9562168",,358401833016,Hyvinvointi ja terveys,,,,,,,,,,,,ilmainen,,,parturikampaamo,Laukaa kk,Laukaa,,,,,,,,,,
147,Parturi-Kampaamo Anne-Maria Arvola,"Liepeentie 9, 41400 Laukaa","62,26097","26,195172",,,Hyvinvointi ja terveys,,,,,,,,,,,,ilmainen,,,parturikampaamo,Lievestuore,Laukaa,,,,,,,,,,
148,Parturi-Kampaamo Doris,"Juholanmäki 22, 41310 Laukaa","62,3274594","25,8346867",,35814665993,Hyvinvointi ja terveys,,,,,,,,,,,,ilmainen,,,parturikampaamo,Leppävesi,Laukaa,,,,,,,,,,
149,Parturi-kampaamo Minna Näreaho,"Koiralammentie 17, 41310 Laukaa","62,32251","25,839403",,,Hyvinvointi ja terveys,,,,,,,,,,,,ilmainen,,,parturikampaamo,Leppävesi,Laukaa,,,,,,,,,,
150,Parturi-Kampaamo Paulan Kampa,"Arwidssonintie 17, 41340 Laukaa","62,413107","25,951018",,358400850438,Hyvinvointi ja terveys,,,,,,,,,,,,ilmainen,,,parturikampaamo,Laukaa kk,Laukaa,,,,,,,,,,
151,Parturi-Kampaamo Raija Viinikainen,"Liepeentie 7 , 41400 Laukaa","62,2606397","26,1942537",,358405473700,Hyvinvointi ja terveys,,,,,,,,,,,,ilmainen,,,parturikampaamo,Lievestuore,Laukaa,,,,,,,,,,
152,Parturi-Kampaamo Sandy,"Haavistontie 5, 41330 Laukaa","62,367993","25,901294",,358451311797,Hyvinvointi ja terveys,,,,,,,,,,,,ilmainen,,,parturikampaamo,Vihtavuori,Laukaa,,,,,,,,,,
153,Parturi-Kampaamo Tuula Häkkinen,"Jokiniityntie 7, 41340 Laukaa","62,424926","25,945354",,35814832494,Hyvinvointi ja terveys,,,,,,,,,,,,ilmainen,,,parturikampaamo,Laukaa kk,Laukaa,,,,,,,,,,
156,Pieni Helmi,"Brittilänranta 12, 41330 Laukaa","62,37","25,91",,358407028886,Hyvinvointi ja terveys,,,,,,,,,,,,ilmainen,,,,Vihtavuori,Laukaa,,,,,,,,,,
158,Kynsiteknikko Kristi Ruul-Saari​,"Kuusisentie 53, 41340 Laukaa","62,428391","25,93729",https://www.kynsistudiokrissu.com,358505177131,Hyvinvointi ja terveys,,,,,,,,,,,,ilmainen,,,kynsihoito,Laukaa kk,Laukaa,,,,,,,,,,
159,Hiushuone Soma,"Laukaantie 26, 41340 Laukaa","62,415125","25,951927",,358400261979,Hyvinvointi ja terveys,,,,,,,,,,,,ilmainen,,,parturikampaamo,Laukaa kk,Laukaa,,,,,,,,,,
160,Spirello,"Laukaantie 5 A 2, 41340 Laukaa","62,412701","25,958147",,358405277951,Hyvinvointi ja terveys,,,,,,,,,,,,ilmainen,,,parturikampaamo,Laukaa kk,Laukaa,,,,,,,,,,
162,T.mi Jaana Jämbäck,"Hiihtomäentie 3, 41330 Laukaa","62,372755","25,901839",,,Hyvinvointi ja terveys,,,,,,,,,,,,ilmainen,,,parturikampaamo,Vihtavuori,Laukaa,,,,,,,,,,
163,Tia's hair and beauty,"Nurmijärventie 222, 41390 Laukaa","62,491349","26,06791",,,Hyvinvointi ja terveys,,,,,,,,,,,,ilmainen,,,parturikampaamo,Laukaa kk,Laukaa,,,,,,,,,,
164,Tmi Anni Nurminen,"Laukaantie 26, 41340 Laukaa","62,415125","25,951927",,358400699562,Hyvinvointi ja terveys,,,,,,,,,,,,ilmainen,,,parturikampaamo,Laukaa kk,Laukaa,,,,,,,,,,
165,Tmi Helppasi,"Miettisentie 1, Laukaa","62,407869","25,925338",,,Hyvinvointi ja terveys,,,,,,,,,,,,ilmainen,,,"maatila, kala",Laukaa kk,Laukaa,,,,,,,,,,
167,Tmi Katja Vehviläinen (Parturi-kampaamo,"Laukaantie 22-24, 41340 Laukaa","62,41454","25,954354",,358407315521,Hyvinvointi ja terveys,,,,,,,,,,,,ilmainen,,,parturikampaamo,Laukaa kk,Laukaa,,,,,,,,,,
168,Tmi Kia Janhonen,"Liepeentie 6, 41400 Laukaa","62,260987","26,197633",,358400907054,Hyvinvointi ja terveys,,,,,,,,,,,,ilmainen,,,parturikampaamo,Lievestuore,Laukaa,,,,,,,,,,
169,Tmi Mari Virtanen,"Laukaantie 26, 41340 Laukaa","62,415125","25,951927",,358404160906,Hyvinvointi ja terveys,,,,,,,,,,,,ilmainen,,,parturikampaamo,Laukaa kk,Laukaa,,,,,,,,,,
170,Tmi Saana Oksanen,"Kantolantie 10, 41340 Laukaa","62,409956","25,950166",https://www.timma.fi/eloisa,358504760744,Hyvinvointi ja terveys,,,,,,,,,,,,ilmainen,,,parturikampaamo,Laukaa kk,Laukaa,,,,,,,,,,
171,Tmi Saija Kärki,"Liepeentie 4 , 41400 Laukaa","62,2605696","26,1953816",https://timma.fi/kampaamosaija,358409303152,Hyvinvointi ja terveys,,,,,,,,,,,,ilmainen,,,parturikampaamo,Lievestuore,Laukaa,,,,,,,,,,
172,Tmi SaraBella/Salon Belleza Gloriosa Sara Aho,"Tiituspohjantie 50, 41310 Laukaa","62,327598","25,841691",,358404177019,Hyvinvointi ja terveys,,,,,,,,,,,,ilmainen,,,kauneuspalvelut,Leppävesi,Laukaa,,,,,,,,,,
173,Tmi Seija Puttonen,"Peurungantie 85, 41340 Laukaa","62,43412","25,896808",https://www.peurunka.fi,358207516713,Hyvinvointi ja terveys,,,,,,,,,,,,ilmainen,,,kauneuspalvelut,Laukaa kk,Laukaa,,,,,,,,,,
204,Laukaan Kotipalvelu,"Vilppulantie 196, 41370 Laukaa","62,465955","25,915508",,,Hyvinvointi ja terveys,,,,,,,,,,,,ilmainen,,,,Laukaa kk,Laukaa,,,,,,,,,,
293,Terviksen tilat,"Lievestuore, Laukaa","62,266","26,211",https://www.terviksentilat.fi/,,Juhlatilat,"Terviksen tilat on Lievestuoreella sijaitseva juhla- ja kokoontumistila, joka soveltuu erilaisten yksityistilaisuuksien, juhlien, kokousten ja kylätapahtumien järjestämiseen. Tilat tarjoavat monikäyttöisen ympäristön sekä sisätiloissa että mahdollisesti piha-alueen tapahtumille. Kohde palvelee paikallisia asukkaita ja yhteisöjä.",,[],,,,,,,[],,juhlatila,,,"juhlatila, kokoustila, lievestuore, juhlat, tapahtumat, kylätalo, kokoontumistila, vuokratila, juhlapalvelut, tilavuokraus",Lievestuore,Laukaa,,[],[],,paikan päällä,LOCAL,0,Sijaitsee Lievestuoreella ja toimii paikallisena juhla- ja kokoontumistilana varauksesta.,,
290,Revontuli Resort,"Revontulentie 1, 41500 Hankasalmi","62,3299981","26,521",https://revontuli.fi,,Juhlatilat,"Revontuli Resort on Hankasalmella sijaitseva monipuolinen lomakeskus, joka tarjoaa majoitusta lasi-igluissa, mökeissä ja hotellihuoneissa. Kohde tunnetaan erityisesti revontulielämyksistä, luonnonläheisestä ympäristöstä sekä monipuolisista aktiviteeteista kuten golfista, keilailusta, saunomisesta ja talviaktiviteeteista. Alueella on myös ravintola- ja kokouspalvelut sekä tapahtumien järjestämismahdollisuudet.",,,,,,,,,,,lomakeskus,,,"revontuli, hankasalmi, lomakeskus, hotelli, iglut, lasi-iglu, mökit, ravintola, sauna, golf, keilailu, kokous, tapahtumat, luontomatkailu, elämykset",Hankasalmi,Hankasalmi,,,,,paikan päällä,LOCAL,0,Sijaitsee Hankasalmella luonnon keskellä. Palvelut saatavilla lomakeskuksessa ympäri vuoden.,,
289,Taulun Kartano,"Tauluntie 596, Toivakka","62,163","26,271",https://taulunkartano.fi,,Juhlatilat,"Taulun Kartano on historiallinen kartanomiljöö Toivakassa, joka tarjoaa majoitusta, ravintolapalveluita sekä juhla- ja kokoustiloja. Kohde tunnetaan erityisesti häiden, yritystapahtumien ja juhlien järjestämispaikkana. Kartanossa on myös sauna- ja hyvinvointipalveluja sekä luonnonläheinen ympäristö järven ja maaseudun läheisyydessä.",,,,,,,,,,,majoitus- ja juhlakartano,,,"taulun kartano, toivakka, hotelli, ravintola, juhlatila, kokoustila, häät, majoitus, sauna, yritystapahtumat, kartano, juhlapalvelut",Toivakka,Toivakka,,,,,paikan päällä,LOCAL,0,"Kartanokohde Toivakassa, palvelut saatavilla varauksella. Soveltuu erityisesti juhliin, majoitukseen ja kokouksiin.",,
277,Sarahovin kokoustilat,Laukaantie 6,"62,411087","25,9578529",,,Juhlatilat,,,,,,,,,,,,,,,juhlatilat,Laukaa kk,Laukaa,,,,,,,,,,
276,Vuonteen Helmi,"Tarvaalantie 22, Vuontee","62,3410007","26,0291409",http://www.vuonteenhelmi.fi,,Juhlatilat,,,,,,,,,,,,,2026-05-29,,juhlatilat,Vihtavuori,Laukaa,,,,,,LOCAL,,,,
275,Tyyni Hoiva Suomi Oy,"Koipilahdentie 210, Rautalampi","62,7503773","26,5641627",https://www.tyynihoiva.fi,358 50 3639 338,Juhlatilat,Läsnä olevaa henkilökohtaista palvelua sydämellä.,,,,,,,,,,,ilmainen,,,"omaishoitaja, hoivapalvelu, tukipalvelu, kotihoito",,Laukaa,,,,,KOTIKAYNTI,SERVICE_AREA,80,,,
117,Perttulan tila Oy,"Vaajakoskentie 113, 41310 Laukaa","62,323125","25,87644",https://www.perttulantila.fi/,358405199929,Juhlatilat,,,,,,,,,,,,ilmainen,,,kahvila,Leppävesi,Laukaa,,,,,,,,,,
250,Karivik Ravintolat Oy,"Valkolantie 68, 41350 Laukaa","62,434592","25,86865",,358405574003,Juhlatilat,,,,,,,,,,,,ilmainen,,,"ravintola, huvit",Laukaa kk,Laukaa,,,,,,,,,,
282,Laukaan Tuulenväre,"Ristonniementie 2, 41340 Laukaa","62,401075","25,9511854",https://www.laukaantuulenvare.com,040 196 4487,Juhlatilat,"Elegantti ja persoonallinen juhlatila Saraaveden rannalla Tyvelänniemessä noin 2 km Laukaan keskustasta. Soveltuu häihin, syntymäpäiviin, muistotilaisuuksiin, kokouksiin ja muihin juhliin. Isossa salissa istumapaikat noin 80 henkilölle ja Ateljee-tilan myötä lisäpaikkoja noin 20. Tilassa suuri parveke, flyygeli, takka, äänentoisto, kylmälaitteet, hella sekä mahdollisuus omiin ruokiin. Juhla-astiat ja pöytäliinat vuokrattavissa.",,,,,,,,,,,juhla- ja kokoustila,,,"juhlatilat,häät,kokoustila,juhlasali,muistotilaisuus,saraavesi,tyvelänniemi,juhlatila,laukaa,parveke",Laukaa kk,Laukaa,Vuokra-aika sovitaan tapauskohtaisesti. Pääsääntöisesti vuokra-aika päättyy klo 22.00. Hiekoitettu piha-alue käytettävissä pysäköintiin.,,,,,,,,,
281,Juhla- ja kylätalo Himma,"Yläpohjantie 34, 41180 Vehniä","62,4468881","25,6736305",https://www.vehnia.fi/juhla-ja-kylatalo-himma/,040 824 6751,Juhlatilat,"Vehniän kyläyhdistyksen omistama ja ylläpitämä juhla- ja kylätalo Laukaan Vehniällä. Soveltuu häihin, juhliin, kokouksiin, seminaareihin, pikkujouluihin, karonkkoihin, saunailtoihin ja muihin tapahtumiin ympäri vuoden. Tiloissa juhlasali 150–200 henkilölle, ravintolatila 40 henkilölle, takka- ja saunatilat noin 20 henkilölle, valmistuskeittiö, näyttämö, videotykki, WiFi, äänentoisto ja juhla-astiat 150 hengelle. Omat ruoat ja juomat sallittu.",,,,,,,,,,,juhla- ja kokoustila,,,"juhlatilat,häät,kokoustila,juhlasali,sauna,pikkujoulut,seminaari,karonkka,vehniä,kylätalo",Vehniä,Laukaa,"Tilat remontoitu vuosina 2017–2019 ja 2025. Vuokraukseen saatavilla myös siivouspalvelu ja yhteistyökumppaneiden catering-apu. Tilat käytössä klo 02:00 saakka, yöpyminen ei mahdollista.",,,,,,,,,
279,Työväentalo Toivola Lievestuore,"Puutarhatie 1, 41400 Lievestuore","62,258","26,187",https://visitlaukaa.fi/palvelu/tyovaentalo-toivola/,040 054 0995,Juhlatilat,"Yli satavuotias tunnelmallinen juhla- ja tapahtumatalo Lievestuoreella. Soveltuu häihin, kokouksiin, muistotilaisuuksiin, seminaareihin, pikkujouluihin, karonkkoihin ja muihin juhliin. Tiloissa suuri juhlasali, kahvila, sauna, videotykki sekä esteetön ja muunneltava tila. Omat ruoat ja juomat sallittu, kahvilapalvelut ja järjestysmiespalvelut tilauksesta.",,,,[https://www.facebook.com/Ty%C3%B6v%C3%A4entalo-Toivola-361219194258431/](https://www.facebook.com/Ty%C3%B6v%C3%A4entalo-Toivola-361219194258431/),,,,,,,juhla- ja kokoustila,,,"juhlatilat,häät,kokoustila,juhlasali,sauna,muistotilaisuus,pikkujoulut,seminaari,karonkka,lievestuore",Lievestuore,Laukaa,"Tilaa vuokraa Laukaan Demarit. Saatavilla myös kahvilapalvelut, järjestysmiespalvelut ja mahdollisuus tilapäiseen lattiamajoitukseen.",,,,,,,,,
280,Juhlatalo Humina Lievestuore,"Huminankuja 2, 41400 Lievestuore, Laukaa","62,2604021","26,1947594",https://www.juhlatalohumina.fi/,,Juhlatilat,"Tunnelmallinen juhla- ja kokoustila Lievestuoreen keskustassa. Soveltuu häihin, syntymäpäiviin, valmistujaisiin, muistotilaisuuksiin, kokouksiin ja yritystilaisuuksiin myös kokonaispalveluna. Yläkerran juhlatilassa istumapaikat noin 75 henkilölle ja kellaritilassa noin 20 henkilölle. Kesäisin käytössä myös viihtyisä piha-alue ja terassi.",,,,,,,,,,,juhla- ja kokoustila,,,"juhlatilat, kokoustilat, häät, muistotilaisuudet, yritysjuhlat, syntymäpäivät, valmistujaiset, juhlapalvelut, kokouspalvelut, tilausravintola, catering",Lievestuore,Laukaa,"Yläkerran juhlatila noin 75 henkilölle, kellaritila noin 20 henkilölle. Tunnettu myös Janin Keittiön yhteydessä. Osoite vahvistettu Visit Laukaa -lähteestä.",,,,,,,,,
295,Naissaaren Upee kahvila,"Naissaarentie 2, 40800 Vaajakoski, Jyväskylä, Suomi","62,2450238","25,8850797",,358503308055,Kahvila,"Naissaaren Upee kahvila (Naissaaren Koskenhenki) on viihtyisä kahvila ja ruokapaikka Vaajakoskella koskimaisemissa. Tarjoaa kahvia, leivonnaisia ja ruokaa rennossa ympäristössä.",,[],,[https://www.facebook.com/naissaarenkoskenhenki](https://www.facebook.com/naissaarenkoskenhenki),,,,,[],,yritys,,,"kahvila, Vaajakoski, Jyväskylä, koskimaisema, kahvi, lounas, leivonnaiset, Naissaari, ravintola, pitopalvelu",keski-suomi,jyvaskyla,,[],[],,paikan päällä,on-site,,,,
271,Fenno optiikka,"Laukaantie 22-24, 41340 Laukaa","62,4145402","25,954354",,,Kaupat ja ostokset,,,,,,,,,,,,ilmainen,,,erikoisliikkeet,Laukaa kk,Laukaa,,,,,,,,,,
270,Tertan kahvila- ja puoti,"Antinniementie 1, 41330 Laukaa","62,3421842","25,9688631",,,Kaupat ja ostokset,,,,,,,,,,,,ilmainen,,,kahvila,Vihtavuori,Laukaa,,,,,,,,,,
13,Iloinen Noita Oy,"Leipäpohjantie 45, 41350 Laukaa","62,411217","25,908613",,358405747070,Kaupat ja ostokset,,,,,,,,,,,,ilmainen,,,erikoisliikkeet,Laukaa kk,Laukaa,,,,,,,,,,
17,Laukaan Apteekki,"Vuokaari 2, 41340 Laukaa","62,413063","25,947868",https://www.laukaanapteekki.fi,35814831044,Kaupat ja ostokset,,,,,,,,,,,,ilmainen,,,erikoisliikkeet,Laukaa kk,Laukaa,,,,,,,,,,
19,Lievestuoreen Apteekki,"Liepeentie 8, 41400 Laukaa","62,261279","26,199196",https://www.lievestuoreenapteekki.fi,358207199440,Kaupat ja ostokset,,,,,,,,,,,,ilmainen,,,erikoisliikkeet,Lievestuore,Laukaa,,,,,,,,,,
82,R-kioski - Kirsi Sinijärvi Oy,"Laukaantie 22, 41340 Laukaa","62,41454","25,954354",https://www.r-kioski.fi,358469200811,Kaupat ja ostokset,,,,,,,,,,,,ilmainen,,,erikoisliikkeet,Laukaa kk,Laukaa,,,,,,,,,,
90,Laukaan Säästö-Market Oy,"Ruuhimäentie 1, 41400 Laukaa","62,24585","26,13574",,358148404225,Kaupat ja ostokset,,,,,,,,,,,,ilmainen,,,,Lievestuore,Laukaa,,,,,,,,,,
100,Tokmanni Oy,"Vuojärven puistotie 11, 41340 Laukaa","62,413665","25,948274",https://www.tokmanni.fi,,Kaupat ja ostokset,,,,,,,,,,,,ilmainen,,,,Laukaa kk,Laukaa,,,,,,,,,,
129,Fieldhill Oy,"Pienkuukkalantie 22, 41310 Laukaa","62,347114","25,879991",,358452665212,Kaupat ja ostokset,,,,,,,,,,,,ilmainen,,,kirpputori,Leppävesi,Laukaa,,,,,,,,,,
134,Joudukas,"Alapohjantie 156a, 41160 Jyväskylä","62,393961","25,70926",https://www.joudukas.fi,358504911431,Kaupat ja ostokset,,,,,,,,,,,,ilmainen,,,käsityöt,Vehniä,Laukaa,,,,,,,,,,
141,Laukaan Kultakello Avoin yhtiö,"Arwidssonintie 15, 41340 Laukaa","62,413107","25,951018",,358505557216,Kaupat ja ostokset,,,,,,,,,,,,ilmainen,,,erikoisliikkeet,Laukaa kk,Laukaa,,,,,,,,,,
142,Merjan Risu&Ruusut,"Kuukkasentie 1 A 1, 41340 Laukaa","62,412604","25,945567",,358407388747,Kaupat ja ostokset,,,,,,,,,,,,ilmainen,,,,Laukaa kk,Laukaa,,,,,,,,,,
143,Miruma,"Rinnekuja 17, 41310 Laukaa","62,31565","25,85288",,358407027733,Kaupat ja ostokset,,,,,,,,,,,,ilmainen,,,,Leppävesi,Laukaa,,,,,,,,,,
166,Tmi Jussi Pöysä,"Ravitie 3, 41330 Laukaa","62,378732","25,904618",https://www.puusta.fi,358407154986,Kaupat ja ostokset,,,,,,,,,,,,ilmainen,,,erikoisliikkeet,Vihtavuori,Laukaa,,,,,,,,,,
176,Väentupa R.Y. (Kirpputori Retrokeidas),"Laukaantie 13, 41340 Laukaa","62,413513","25,957332",https://vaentupa.fi/tyollistaminen/retrokeidas/,,Kaupat ja ostokset,Toiminta pohjautuu lahjoitustavaroiden ja tuotteiden myyntiin kirpputoriperiaatteella.,,,,,,,,,,,ilmainen,,,"kirpputori, pyörähuolto",Laukaa kk,Laukaa,,,,,,,,,,
240,Väentupa R.Y. (SER-TOIMINTA),"Katajamäentie 6, 41340 Laukaa","62,402382","25,93058",https://www.vaentupa.fi,,Kaupat ja ostokset,,,,,,,,,,,,ilmainen,,,kirpputori,Laukaa kk,Laukaa,,,,,,,,,,
265,Kirpputori Majakka,Liepeentie 9,"62,26097","26,195172",https://www.laukaanseurakunta.fi/osallistu/majakan-kirpputori-ja-olohuone,,Kaupat ja ostokset,Tule tekemään löytöjä Majakan kirppikselle Lievestuoreelle!,,,,,,,,,,,ilmainen,,,kirpputori,Lievestuore,Laukaa,,,,,,,,,,
118,Peurunka Oy,"Peurungantie 85, 41340 Laukaa","62,43412","25,896808",https://www.peurunka.fi,35820751601,Majoitus,,,,,,,,,,,,ilmainen,,,,Laukaa kk,Laukaa,,,,,,,,,,
242,Kuhajärven Suviranta Oy,"Niementie 21, 41330 Laukaa","62,362904","25,931743",https://www.fincottage.com/,358442452019,Majoitus,,,,,,,,,,,,ilmainen,,,vuokraus,Vihtavuori,Laukaa,,,,,,,,,,
245,Pietilän Lomamökit,"Salmelankyläntie 202, 41330 Laukaa","62,33576","26,003067",https://www.pietilanlomamokit.com,358503403154,Majoitus,"Pietilän lomamökit on rauhallinen lomamökkikohde Vihtavuoren alueella Laukaassa luonnon ja vesistöjen läheisyydessä. Kohde tarjoaa perinteisiä hyvin varusteltuja mökkimajoituksia omassa rauhassa, sopien erityisesti perheille, kalastajille ja luontolomailijoille. Mökeissä on tyypillisesti sauna, keittiö ja oma piha-alue. Alue soveltuu ympärivuotiseen vapaa-ajan viettoon sekä lyhyisiin että pidempiin lomiin.",,,,,,,,,,,ilmainen,,,vuokraus,Vihtavuori,Laukaa,,,,,,,,,,
287,Tarvaalan Kalamaja,"Tarvaalantie, 41340 Laukaa","62,3410007","26,0291409",,,Majoitus,"Tarvaalan kalamaja on rauhallinen järvi- ja luontokohde Tarvaalan alueella Laukaassa. Kohde soveltuu erityisesti kalastukseen, pienryhmien majoitukseen, luonnossa liikkumiseen ja rentoutumiseen. Kalamaja tarjoaa perusmajoitustason puitteet luonnon keskellä, lähellä vesistöjä ja hyviä kalastusalueita. Ympäristö on hiljainen ja soveltuu omatoimiseen lomailuun.",,,,,,,,,,,kalamaja,,,"majoitus,kalamaja,kalastus,tarvaala,laukaa,järvimaisema,luontokohde,vapaa-aika,eräily,pienryhmämajoitus",Vihtavuori,Laukaa,"Kohde painottuu omatoimiseen majoitukseen ja kalastusharrastukseen. Ei laajaa palvelutarjontaa, mutta hyvät luonto- ja vesistömahdollisuudet.",,,,,,,,,
286,Multamäen leirikeskus,"Multamäki, laukaa","62,462586","25,862487",,,Majoitus,"Multamäen leirikeskus on luonnonläheinen leiri- ja majoituskohde Peurunkajärven rannalla Laukaassa. Kohde soveltuu leirikoulujen, nuorisoleirien, retkien, ryhmien ja yhdistysten majoitukseen sekä koulutus- ja virkistystapahtumiin. Alueella on majoitustiloja, ruokailu- ja kokoontumistiloja sekä hyvät ulkoilu- ja vesistömahdollisuudet. Rauhallinen järvimaisema tarjoaa puitteet ympärivuotiseen ryhmätoimintaan.",,,,,,,,,,,leirikeskus,,,"majoitus,leirikeskus,leirikoulu,nuorisoleiri,ryhmämajoitus,peurunkajärvi,laukaa,koulutus,luontokohde,retkeily,vapaa-aika",Laukaa kk,Laukaa,Järvenrantasijainti mahdollistaa monipuoliset vesistö- ja luontoaktiviteetit. Kohde painottuu ryhmäkäyttöön ja leiritoimintaan.,,,,,,,,,
285,Country Häkkinen Lomamökit,Myllylahdentie 401,"62,2622431","26,0041356",https://www.countryhakkinen.fi,040 736 5166,Majoitus,"Leppäveden alueella luonnonrauhassa sijaitseva lomamökkikohde, joka tarjoaa ympärivuotista majoitusta järven läheisyydessä. Käytettävissä viihtyisiä ja hyvin varusteltuja lomamökkejä omalla saunalla, terassilla, takalla, keittiöllä ja luontoyhteydellä. Sopii lomailuun, perhemajoitukseen, kalastukseen, yritysryhmille sekä rauhallisiin virkistys- ja vapaa-ajan oleskeluihin. Alueella hyvät ulkoilu- ja luontoreitit sekä rantasaunamahdollisuuksia.",,,,[https://www.facebook.com/countryhakkinen](https://www.facebook.com/countryhakkinen),,,,,,,lomamökit,,,"majoitus,lomamökki,mökki,sauna,järvenranta,leppävesi,laukaa,kalastus,perhemajoitus,vapaa-aika,yritysryhmät",Lievestuore,Laukaa,"Luonnonläheinen sijainti Leppäveden tuntumassa. Mahdollisuus saunaan, kalastukseen ja ulkoiluun. Helppo saavutettavuus Jyväskylän suunnasta.",,,,,,,,,
284,Ylä-Saarikon lomamökit,"Suolahdentie 719, 41370 Kuusa, Laukaa","62,5035225","25,890444",http://www.ylasaarikko.com,040 514 4830,Majoitus,"Kuusassa Vatianjärven rannalla sijaitseva lomamökkikohde, jossa on kuusi omarantaista ja ympärivuotisessa käytössä olevaa hirsimökkiä. Jokaisessa mökissä on oma ranta, sauna, takka, soutuvene, täysin varusteltu keittiö, sisä-wc ja terassi. Majoitusta yhteensä noin 50 hengelle. Sopii lomailuun, kalastukseen, työmatkalaisten tilapäismajoitukseen sekä pidempiaikaiseen majoitukseen. Lähellä Kuusaankoski, Varjola, Peurunka ja Metsoreitti.",,,,,,,,,,,lomamökit,,,"majoitus,lomamökki,mökki,sauna,järvenranta,kuusa,laukaa,vatianjärvi,kalastus,vapaa-aika,tilapäismajoitus",Laukaa kk,Laukaa,"Vuokrattavana myös grillikota ja kotasauna. Sesonkiaikana majoitus yleensä viikkovuokrauksena, muina aikoina myös lyhyempiä majoituksia. Lähin kylpylä Peurunka noin 5 km.",,,,,,,,,
283,Pitkäniemen lomahuoneistot,"Pitkäniementie 171, 41390 Äijälä, Laukaa","62,4927435","26,0522324",https://www.laukaanpitkaniemi.fi,,Majoitus,"Laukaan Äijälässä Nurminen-järven rannalla sijaitseva lomakeskus, joka tarjoaa 4–6 hengen lomahuoneistoja ympäri vuoden. Kohteessa on 11 huoneistoa, joista suurin on 60 m² kolmella makuuhuoneella ja pienemmät 40 m² huoneistot neljälle hengelle. Jokaisessa huoneistossa on sauna, terassi, täysin varustettu keittiö ja järvinäkymä. Käytössä myös veneitä, laituri, nuotiopaikka, rantatuolit ja hiekkapohjainen uimapaikka.",,,,,,,,,,,lomahuoneistot,,,"majoitus,lomahuoneisto,mökki,sauna,järvenranta,äijälä,laukaa,nurminen,perhemajoitus,vapaa-aika",Laukaa kk,Laukaa,"Lemmikit sallittu rajoituksin. Vaihtopäivä perjantaisin. Lähellä Varjola, Tupaswilla ja Peurunka. Varaukset verkkosivujen kautta.",,,,,,,,,
292,Mika Nuorva Valokuvaaja,,,,,,Palvelut,"Mika Nuorva on valokuvaaja, joka tarjoaa monipuolisia kuvauspalveluja yksityis- ja yritysasiakkaille. Palveluihin kuuluvat henkilökuvaukset, tapahtuma- ja juhlakuvaukset, yrityskuvaukset sekä mahdolliset ympäristö- ja luontokuvaukset. Toiminnassa painotetaan tilanneherkkää dokumentaarista otetta sekä laadukasta kuvajälkeä.",,[],,,,,,,[],,valokuvaaja,,,"valokuvaaja, valokuvaus, tapahtumakuvaus, henkilökuvaus, yrityskuvaus, potretit, dokumentaarinen kuvaus, juhlakuvaus, luontokuvaus, mika nuorva",Keski-Suomi,laukaa,,[],[],,paikan päällä,SERVICE_AREA,120,Palvelut Keski-Suomen alueella joustavasti asiakkaan kohteessa tai tapahtumapaikalla. Sopimuksen mukaan myös pidemmät keikat.,,
291,Keijo Penttinen PS Studio,,,,,,Palvelut,"Keijo Penttinen PS Studio on valokuvauspalveluihin keskittynyt studio, joka tarjoaa monipuolisia kuvauspalveluja yksityis- ja yritysasiakkaille. Palveluihin kuuluvat henkilökuvaukset, studiokuvaukset, tapahtuma- ja juhlakuvaukset sekä tuote- ja yrityskuvaus. Studio painottaa laadukasta visuaalista lopputulosta ja asiakaslähtöistä palvelua.",,[],,,,,,,[],,valokuvausstudio,,,"valokuvaaja, valokuvaus, studiokuvaus, henkilökuvaus, yrityskuvaus, tapahtumakuvaus, potretit, muotokuvaus, tuotekuvaus, keijo penttinen, ps studio, valokuvastudio, juhlakuvaus",Keski-Suomi,laukaa,,[],[],,paikan päällä,SERVICE_AREA,100,Palvelut joustavasti Keski-Suomen alueella asiakkaan tarpeen mukaan. Studiokuvaus sekä tarvittaessa kuvaus tapahtumissa ja asiakkaan tiloissa.,,
273,Onnellinen Studio,"Vannastie 14, 41400 Lievestuore, Suomi","62,273","26,22",,,Palvelut,,,,,,,,,,,,ilmainen,,,"grafiikka, viestintä",Lievestuore,Laukaa,,,,,,,,,,
2,Mediazoo,"Salmelantie, 41400 Lievestuore","62,270133","26,223957",https://www.mediazoo.fi,358414655290,Palvelut,"Tarjoan viestinnän ja digiosaamisen tukea laidasta laitaan:@@ yrityksille, yhdistyksille ja yksityishenkilöille.",https://www.youtube.com/watch?v=8qDQ3mTqxyA,"[""https://drive.google.com/file/d/1Mhuy-3N-KH7FcT88MbgOCjj5k-5i2LGc/view?usp=sharing"", ""https://drive.google.com/file/d/14bVi23k4RqLA0lfcoQRCeS9702SL3b1Z/view?usp=sharing"", ""https://drive.google.com/file/d/1VNRtu6kBPkwiNvvk-Kaz2yIWOt-e51Xs/view?usp=sharing""]",https://mediazoo.fi/wp-content/uploads/2026/03/logo2.png,https://www.facebook.com/MZMAINOS/,https://www.instagram.com/mediazoo.fi/,https://fi.linkedin.com/in/antti-mikkola-1a586926,,358414655290,"[""https://mediazoo.fi/mainos/""]",,maksu,,https://www.mediazoo.fi/feed,"digimedia, IT-palvelut, videokuvaus, valokuvaus, graafiset palvelut, kotisivut",Lievestuore,Laukaa,info@mediazoo.fi,https://mediazoo.fi/wp-content/uploads/2026/01/kuva-82.jpg,https://www.youtube.com/watch?v=4zWPNcchWXE,358414655290,"toimipiste, etapalvelu",SERVICE_AREA,35,"projektit sopimuksesta kauemmaksikin, digitoinnit postitse",,
53,K&K Peni Oy,"Lahdenkuja 4,. 41340 Laukaa","62,40282","25,946777",,,Palvelut,,,,,,,,,,,,ilmainen,,,pienkonehuolto,Laukaa kk,Laukaa,,,,,,,,,,
91,Laukaan yrityspalvelut,"Laukaantie 14, 41341 Laukaa","62,4132066","25,959155",,,Palvelut,,,,,,,,,,,,ilmainen,,,,Laukaa kk,Laukaa,,,,,,,,,,
101,AtSound Matti Laurila,"Kuusirinne 5, 41310 Laukaa","62,329685","25,830547",https://www.atsound.fi,358405581753,Palvelut,,,,,,,,,,,,ilmainen,,,äänitekniikka,Leppävesi,Laukaa,,,,,,,,,,
102,Bellingham Oy (Nokkakiven huvipuisto),"Ruuhimäentie 3, 41400 Laukaa","62,24553","26,139236",https://www.nokkakivi.fi/,358452705920,Palvelut,huvit,,,,,,,,,,,ilmainen,,,huvit,Lievestuore,Laukaa,,,,,,,,,,
104,Catering KatinCa,"Koiralammentie 1, 41310 Laukaa","62,324675","25,837702",https://www.katinca.fi,358407589058,Palvelut,,,,,,,,,,,,ilmainen,,,pitopalvelu,Leppävesi,Laukaa,,,,,,,,,,
105,Ext Ventures Oy,"Saraharjunkatu 3, 41340 Laukaa","62,415688","25,952614",https://www.ext.fi,400667814,Palvelut,,,,,,,,,,,,ilmainen,,,"juhlatilat, huvit",Laukaa kk,Laukaa,,,,,,,,,,
116,Ohjelmatoimisto Ja - He Oy,"Ketaramäentie 38, 41400 Laukaa","62,268397","26,22931",,35814861761,Palvelut,,,,,,,,,,,,ilmainen,,,huvit,Lievestuore,Laukaa,,,,,,,,,,
120,Proxta Oy,"Koskenrannantie 127, 41325 Laukaa","62,3820403","26,04580181",,358407373026,Palvelut,,,,,,,,,,,,ilmainen,,,juhlatilat,Laukaa kk,Laukaa,,,,,,,,,,
121,Rock Tekniikka Ky,"Brittilänranta 10, 41330 Laukaa","62,3752482","25,918405",,,Palvelut,,,,,,,,,,,,ilmainen,,,äänitekniikka,Vihtavuori,Laukaa,,,,,,,,,,
123,Tmi Petri Puuhis Lähdemäki,"Laukaantie 2, 41340 Laukaa","62,40927","25,9532367",https://puuhis.vip/,358400343570,Palvelut,,,,,,,,,,,,ilmainen,,,"autokorjaamot, äänitekniikka",Laukaa kk,Laukaa,,,,,,,,,,
124,UntenOnnela Ranch avoin yhtiö,"Rantakuja 7, 41390 Laukaa","62,528748","26,065728",www.untenonnelaranch.fi/,358505660512,Palvelut,,,,,,,,,,,,ilmainen,,,"maatila, hevoset",Laukaa kk,Laukaa,,,,,,,,,,
133,Jenora Design,"Liepeentie 4, 41400 Laukaa","62,26057","26,195382",https://www.jenoradesign.com,358449721372,Palvelut,,,,,,,,,,,,ilmainen,,,valokuvaus,Lievestuore,Laukaa,,,,,,,,,,
139,Kimmon kulma,"Jokiniementie 9, 41340 Laukaa","62,4154613","25,9570658",https://kimmonkulma.com,358405063527,Palvelut,,,,,,,,,,,,ilmainen,,,erikoisliikkeet,Laukaa kk,Laukaa,,,,,,,,,,
154,Photo Malmström,"Mustikkarinne 15, 41340 Laukaa","62,428669","25,943171",https://www.photomalmstrom.com,358407315292,Palvelut,,,,,,,,,,,,ilmainen,,,valokuvaus,Laukaa kk,Laukaa,,,,,,,,,,
155,Pieneläintuhkaamo Usva OY,"Puhakantie 3, 41400 Laukaa","62,257776","26,237898",,358407333590,Palvelut,,,,,,,,,,,,ilmainen,,,erikoisliikkeet,Lievestuore,Laukaa,,,,,,,,,,
174,Topiron Ky,"Valkolantie 257, 41360 Laukaa","62,44188","25,837138",https://www.topiron.fi,358407259398,Palvelut,,,,,,,,,,,,ilmainen,,,teollisuus,Laukaa kk,Laukaa,,,,,,,,,,
177,Adven Oy,"Ruutitehtaantie 80, 41340 Laukaa","62,3722517","25,8742655",https://www.adven.com,358103445000,Palvelut,,,,,,,,,,,,ilmainen,,,teollisuus,Vihtavuori,Laukaa,,,,,,,,,,
178,Almek,"Liepeentie 7 B 15, 41400 Laukaa","62,257513","26,185728",,358407278316,Palvelut,,,,,,,,,,,,ilmainen,,,kiinteistöhoito,Lievestuore,Laukaa,,,,,,,,,,
180,Arkkitiimi Osuuskunta,"Rokkakankaantie 8, 41350 Laukaa","62,421138","25,914844",,358505629629,Palvelut,,,,,,,,,,,,ilmainen,,,kiinteistöhoito,Laukaa kk,Laukaa,,,,,,,,,,
182,Colliers Finland Oy,"Laukaantie, 41340 Laukaa","62,412701","25,958147",https://www.colliersasunnot.com,358201303003,Palvelut,,,,,,,,,,,,ilmainen,,,vuokraus,Laukaa kk,Laukaa,,,,,,,,,,
187,IR-Kiinteistöt Irja Hokkeri,"Männiköntie 2 C 14, 41400 Laukaa","62,263985","26,212058",,358407349426,Palvelut,,,,,,,,,,,,ilmainen,,,kiinteistöhoito,Lievestuore,Laukaa,,,,,,,,,,
188,Isännöinti Asuville Oy,"Laukaantie 12, 41340 Laukaa","62,412412","25,958548",https://www.asuville.fi,358504755666,Palvelut,,,,,,,,,,,,ilmainen,,,kiinteistöhoito,Laukaa kk,Laukaa,,,,,,,,,,
189,Isännöintitoimisto Sujuvaa Oy,"Saraharjunkatu 3, 41340 Laukaa","62,415688","25,952614",https://www.sujuvaa.fi,358505944643,Palvelut,,,,,,,,,,,,ilmainen,,,kiinteistöhoito,Laukaa kk,Laukaa,,,,,,,,,,
190,Isännöitsijätoimisto Heikki Valkonen Ky,"Vihtiäläntie 159, 41310 Laukaa","62,30287","25,85943",,358407770161,Palvelut,,,,,,,,,,,,ilmainen,,,kiinteistöhoito,Leppävesi,Laukaa,,,,,,,,,,
193,JL-Maanrakennus Oy,"Varsatie 6, 41310 Laukaa","62,325685","25,844533",https://www.jl-maanrakennus.fi,358400234893,Palvelut,,,,,,,,,,,,ilmainen,,,konetyöt,Leppävesi,Laukaa,,,,,,,,,,
196,Kaken turva Oy,"Katajamäentie 4, 41340 Laukaa","62,401894","25,931768",https://www.facebook.com/p/Kake-Security-J%C3%A4rjestyksenvalvonta-vartiointiyksityisetsiv%C3%A4-ja-koulutus-100057536496028/?locale=fi_FI,358400510006,Palvelut,,,,,,,,,,,,ilmainen,,,vartiointi,Laukaa kk,Laukaa,,,,,,,,,,
197,Kiinteistönvälitys HuippuMesta LKV,"Vuokaari 2, 41340 Laukaa","62,413063","25,947868",https://www.aninkainen.fi/laukaa/,358451030680,Palvelut,,,,,,,,,,,,ilmainen,,,kiinteistönvälitys,Laukaa kk,Laukaa,,,,,,,,,,
198,Kiinteistöpalvelu Farox Oy,"Puhakantie 146, 41400 Laukaa","62,257304","26,238867",https://www.farox.fi,358207344860,Palvelut,,,,,,,,,,,,ilmainen,,,kiinteistöhoito,Lievestuore,Laukaa,,,,,,,,,,
199,Kiinteistöpalvelu Petäjämäki ky,"Vatiantie 96, 41360 Laukaa","62,472982","25,810511",https://petajamaki.fi/,358505511129,Palvelut,,,,,,,,,,,,ilmainen,,,kiinteistöhoito,Vehniä,Laukaa,,,,,,,,,,
200,Koskienergia Oy,"Kuhankoskentie, 41340 Laukaa","62,370075","25,966047",https://www.koskienergia.fi,358206323821,Palvelut,,,,,,,,,,,,ilmainen,,,teollisuus,Vihtavuori,Laukaa,,,,,,,,,,
205,Laukaan Pitkäniemen kiinteistöhuolto Oy,"Särkeläntie 158, 41390 Laukaa","62,515463","26,069675",,358404182556,Palvelut,,,,,,,,,,,,ilmainen,,,kiinteistöhoito,Laukaa kk,Laukaa,,,,,,,,,,
206,Laukaan Puhtaanapito Oy,"Rokkamäentie 1 C, 41350 Laukaa","62,424012","25,91718",https://www.laukaanpuhtaanapito.fi,358400547384,Palvelut,,,,,,,,,,,,ilmainen,,,kiinteistöhoito,Laukaa kk,Laukaa,,,,,,,,,,
208,Laukaan Talopalvelu Oy,"Laukaantie 12, 41340 Laukaa","62,412412","25,958548",https://www.laukaantalopalvelu.fi,358407558526,Palvelut,,,,,,,,,,,,ilmainen,,,kiinteistöhoito,Laukaa kk,Laukaa,,,,,,,,,,
209,Lehtomäen traktoripalvelu,"Äijäläntie 1422, 41390 Laukaa","62,54929","26,062026",,358400702129,Palvelut,,,,,,,,,,,,ilmainen,,,konetyöt,Laukaa kk,Laukaa,,,,,,,,,,
210,Lievestuoreen Lämpö Oy,41400 Laukaa,"62,260367","26,181292",https://lievestuoreenlampo.fi/wp/,358447223270,Palvelut,,,,,,,,,,,,ilmainen,,,teollisuus,Lievestuore,Laukaa,,,,,,,,,,
217,Monitac,"Metsolahdentie 118, 41400 Laukaa","62,242998","26,095529",,358405908542,Palvelut,,,,,,,,,,,,ilmainen,,,siivous,Lievestuore,Laukaa,,,,,,,,,,
222,Suur-Savon Sähkö Oy,"Simontie 4, 41400 Laukaa","62,260241","26,208878",https://www.sssoy.fi,,Palvelut,,,,,,,,,,,,ilmainen,,,teollisuus,Lievestuore,Laukaa,,,,,,,,,,
223,Sydän-Suomen Kuljetus Oy,"Ketarakuja 5, 41400 Laukaa","62,273933","26,22153",https://www.sydansuomenkuljetus.com,358207613660,Palvelut,,,,,,,,,,,,ilmainen,,,jätehuolto,Lievestuore,Laukaa,,,,,,,,,,
232,TeePee kiinteistöpalvelut Oy,"Katvelantie 14, 41400 Laukaa","62,353427","26,155597",,358405350142,Palvelut,,,,,,,,,,,,ilmainen,,,kiinteistöhoito,Lievestuore,Laukaa,,,,,,,,,,
235,Tmi Eero Ylönen,"Yläniementie 3, 41340 Laukaa","62,423042","25,962442",,358400832092,Palvelut,,,,,,,,,,,,ilmainen,,,kiinteistöhoito,Laukaa kk,Laukaa,,,,,,,,,,
254,Laukaan Korppi Oy,"Simunankoskentie 8, 41325 Laukaa","62,379419","26,065595",https://www.mustakorppi.fi,358405455843,Palvelut,,,,,,,,,,,,ilmainen,,,"ravintola, huvit",Vihtavuori,Laukaa,,,,,,,,,,
267,Hevosklinikka Laukaa,"Ravitie 4, 41330 Vihtavuori","62,377845","25,906235",,,Palvelut,,,,,,,,,,,,ilmainen,,,hevoset,Vihtavuori,Laukaa,,,,,,,,,,
59,Parkos Oy,Ketunkuja 1 41330 Vihtavuori,"62,366554","25,91313",,,Rakentaminen ja remontointi,,,,,,,,,,,,ilmainen,,,kalusteet,Vihtavuori,Laukaa,,,,,,,,,,
138,Keski-Suomen Parvekelasitus OY,"Kotipellontie 2, 41370 Laukaa","62,475553","25,923813",https://www.k-sparvekelasitus.fi,358458981560,Rakentaminen ja remontointi,"Keski-Suomen Parvekelasitus rakentaa ja lasittaa parvekkeet, terassit ja patiot Keski-Suomessa ja lähimaakunnissa. @@ Meiltä myös kaihtimet ja termomatot, sekä lasitusten huollot kaikkiin merkkeihin.",,"[""https://ik.imagekit.io/vowzx8znjs/mediazoo/yritys/138/kuva_3.jpg"", ""https://ik.imagekit.io/vowzx8znjs/mediazoo/yritys/138/kuva_5.jpg"", ""https://ik.imagekit.io/vowzx8znjs/mediazoo/yritys/138/kuva_2.jpg"",""https://ik.imagekit.io/vowzx8znjs/mediazoo/yritys/138/kuva_4.jpg"",""https://ik.imagekit.io/vowzx8znjs/mediazoo/yritys/138/kuva_1.jpg""]",https://cdn.prod.website-files.com/65e5c87155996edd5b8abd22/6602c24ed14ae9c8de29395f_shape%20kspl.svg,,,,,358405885780,,,maksu,,,,Laukaa kk,Laukaa,,,,,,,,,,
144,Module Keittiö ja Rakennuspalvelu,"Kylmäniementie 9, 41340 Laukaa","62,419809","25,963226",,358400376079,Rakentaminen ja remontointi,,,,,,,,,,,,ilmainen,,,,Laukaa kk,Laukaa,,,,,,,,,,
145,Monipalvelu Suomivirta,"Kuhankoskentie 170, 41340 Laukaa","62,370075","25,966047",,,Rakentaminen ja remontointi,,,,,,,,,,,,ilmainen,,,sähkotyöt,Vihtavuori,Laukaa,,,,,,,,,,
157,Rakentajainpalvelu Järvinen,"Varsatie 8, 41310 Laukaa","62,325413","25,844891",,358401865533,Rakentaminen ja remontointi,,,,,,,,,,,,ilmainen,,,,Leppävesi,Laukaa,,,,,,,,,,
161,Sähköpalvelu M Leminen Ky,"Kuhnontie 18, 41400 Laukaa","62,252478","26,214823",,,Rakentaminen ja remontointi,,,,,,,,,,,,ilmainen,,,sähkotyöt,Lievestuore,Laukaa,,,,,,,,,,
175,Veisto- ja Kalustetyö M. Ojala,"Kuparintie 27, 41180 Laukaa","62,45173","25,689625",,358445225208,Rakentaminen ja remontointi,,,,,,,,,,,,ilmainen,,,kalusteet,Vehniä,Laukaa,,,,,,,,,,
179,Apponen Pekka Juhani,"Yläpohjantie 79, 41180 Laukaa","62,44866","25,669377",,358406620631,Rakentaminen ja remontointi,,,,,,,,,,,,ilmainen,,,,Vehniä,Laukaa,,,,,,,,,,
181,Atte Isokangas Tmi,"Sudenjälki 2 b, 41310 Laukaa","62,319598","25,835525",,358407449608,Rakentaminen ja remontointi,,,,,,,,,,,,ilmainen,,,,Leppävesi,Laukaa,,,,,,,,,,
183,Duuni-Simppa Ky,"Rantakyläntie 44, 41325 Laukaa","62,373157","26,067081",,358407508808,Rakentaminen ja remontointi,,,,,,,,,,,,ilmainen,,,,Vihtavuori,Laukaa,,,,,,,,,,
184,EXS Finland Oy,"Åströmintie 7, 41310 Laukaa","62,33232","25,858084",,,Rakentaminen ja remontointi,,,,,,,,,,,,ilmainen,,,,Leppävesi,Laukaa,,,,,,,,,,
185,Hento Works,"Ala-Kuukkalantie 37, 41310 Laukaa","62,34499","25,877226",,,Rakentaminen ja remontointi,,,,,,,,,,,,ilmainen,,,,Leppävesi,Laukaa,,,,,,,,,,
186,Ilmalämpöpumput Tmi Forsström,"Ristonniementie 16, 41340 Laukaa","62,401416","25,954356",https://www.tmiforsström.fi,358401936141,Rakentaminen ja remontointi,,,,,,,,,,,,ilmainen,,,,Laukaa kk,Laukaa,,,,,,,,,,
191,IV-urakointi Lehtonen Oy,"Rokkasuontie 52, 41350 Laukaa","62,42793","25,924672",,358400467785,Rakentaminen ja remontointi,,,,,,,,,,,,ilmainen,,,,Laukaa kk,Laukaa,,,,,,,,,,
192,Kiinteistöjen korjaus ja huolto Lehtiö Jarmo,"Lehesvuorentie 193, 41340 Laukaa","62,355152","25,960288",,358400626648,Rakentaminen ja remontointi,,,,,,,,,,,,ilmainen,,,,Vihtavuori,Laukaa,,,,,,,,,,
194,Jyvä-IV Oy,"Kylmäniementie 6 A 1, 41340 Laukaa","62,417922","25,962179",,358400330273,Rakentaminen ja remontointi,,,,,,,,,,,,ilmainen,,,,Laukaa kk,Laukaa,,,,,,,,,,
195,Jyväsesudun LVI Oy,"Pitkärannantie 74, 41325 Laukaa","62,400507","26,043664",,358400540230,Rakentaminen ja remontointi,,,,,,,,,,,,ilmainen,,,,Laukaa kk,Laukaa,,,,,,,,,,
201,Laatutyö Helama Oy,"Salmensillantie 40, 41340 Laukaa","62,383272","25,924167",https://www.helama.fi/,358407330623,Rakentaminen ja remontointi,,,,,,,,,,,,ilmainen,,,,Vihtavuori,Laukaa,,,,,,,,,,
202,Laukaan Aave Oy,"Riekontie 1, 41350 Laukaa","62,423546","25,906181",https://www.laukaanaave.fi/,358400647841,Rakentaminen ja remontointi,,,,,,,,,,,,ilmainen,,,,Laukaa kk,Laukaa,,,,,,,,,,
203,Laukaan Arkiapupalvelut,"Vilppulantie 175, 41370 Laukaa","62,464029","25,917047",,358451148091,Rakentaminen ja remontointi,,,,,,,,,,,,ilmainen,,,,Laukaa kk,Laukaa,,,,,,,,,,
207,Laukaan Renki-Palvelut,"Vähäharjuntie 8, 41370 Laukaa","62,463656","25,957987",https://www.renki-palvelut.fi/,358405144389,Rakentaminen ja remontointi,,,,,,,,,,,,ilmainen,,,,Laukaa kk,Laukaa,,,,,,,,,,
211,LVI-Hanaman,"Kuusiranta 16, 41330 Laukaa","62,377361","25,921006",,358405696611,Rakentaminen ja remontointi,,,,,,,,,,,,ilmainen,,,,Vihtavuori,Laukaa,,,,,,,,,,
212,LVI Jukka Pirttinen Oy,"Saraharjunkatu 8, 41340 Laukaa","62,415457","25,954032",https://www.lvipirttinen.fi,358290011450,Rakentaminen ja remontointi,,,,,,,,,,,,ilmainen,,,,Laukaa kk,Laukaa,,,,,,,,,,
213,LVI-Sekuri Oy,"Järvilinnantie 135, 41330 Laukaa","62,340927","25,90611",https://www.lvisekuri.fi,358400552951,Rakentaminen ja remontointi,,,,,,,,,,,,ilmainen,,,,Vihtavuori,Laukaa,,,,,,,,,,
214,LVI-Taitajat Oy,"Valkolantie 622, 41360 Laukaa","62,467151","25,812225",https://www.lvitaitajat.fi,358451792297,Rakentaminen ja remontointi,#putkimies,,,,,,,,,,,ilmainen,,,,Vehniä,Laukaa,,,,,,,,,,
215,LVI-Vestec Oy,"Eerolantie 6, 41310 Laukaa","62,332672","25,841938",https://www.vestec.fi,358408463798,Rakentaminen ja remontointi,,,,,,,,,,,,ilmainen,,,,Leppävesi,Laukaa,,,,,,,,,,
216,Mittakupari Oy,"Petterintie 9, 41340 Laukaa","62,408185","25,941023",https://www.mittakupari.com,358400542456,Rakentaminen ja remontointi,,,,,,,,,,,,ilmainen,,,keittiö,Laukaa kk,Laukaa,,,,,,,,,,
218,Osk. JS Keski-Suomi,"Matinpolku 2 G, 41310 Laukaa","62,333069","25,846753",,,Rakentaminen ja remontointi,,,,,,,,,,,,ilmainen,,,,Leppävesi,Laukaa,,,,,,,,,,
219,Pikkupiika Kaarina,"Järvilinnantie 18, 41330 Laukaa","62,347505","25,926206",,358400245176,Rakentaminen ja remontointi,,,,,,,,,,,,ilmainen,,,,Vihtavuori,Laukaa,,,,,,,,,,
220,Pinta-Putki Oy,"Korpelantie 40, 41310 Laukaa","62,337222","25,849284",,358500648240,Rakentaminen ja remontointi,,,,,,,,,,,,ilmainen,,,,Leppävesi,Laukaa,,,,,,,,,,
221,Putki Pee Oy,"Halkolaanintie 78, 41310 Laukaa","62,324171","25,886107",,358504008129,Rakentaminen ja remontointi,,,,,,,,,,,,ilmainen,,,,Leppävesi,Laukaa,,,,,,,,,,
224,T:mi Harri Lekander,"Mullostie 6, 41400 Laukaa","62,272329","26,218714",,358451231602,Rakentaminen ja remontointi,,,,,,,,,,,,ilmainen,,,,Lievestuore,Laukaa,,,,,,,,,,
225,t:mi Ilkka Kanerva,"Haukantie 3, 41350 Laukaa","62,421919","25,908425",,358405046327,Rakentaminen ja remontointi,,,,,,,,,,,,ilmainen,,,,Laukaa kk,Laukaa,,,,,,,,,,
226,T:mi Jukka-Pekka Olkkonen,"Kuhankoskentie 368, 41340 Laukaa","62,370075","25,966047",,358456351257,Rakentaminen ja remontointi,,,,,,,,,,,,ilmainen,,,,Vihtavuori,Laukaa,,,,,,,,,,
227,T:mi Maria Fägerholt,"Hiekkapohjantie 22, 41310 Laukaa","62,334051","25,846274",,358503624439,Rakentaminen ja remontointi,,,,,,,,,,,,ilmainen,,,,Leppävesi,Laukaa,,,,,,,,,,
228,T:mi PihaPutsi,"Laukaantie 19 A 8, 41340 Laukaa","62,412701","25,958147",,,Rakentaminen ja remontointi,,,,,,,,,,,,ilmainen,,,,Laukaa kk,Laukaa,,,,,,,,,,
229,T:mi Porrastyö,"Kuoppamäentie 100, 41325 Laukkavirta","62,38135331","26,03805815",,358408380676,Rakentaminen ja remontointi,,,,,,,,,,,,ilmainen,,,,Laukaa kk,Laukaa,,,,,,,,,,
230,T.mi Susanna Niiniranta,"Mäntyrinne 2 A 10, 41310 Laukaa","62,330287","25,836211",,358404131592,Rakentaminen ja remontointi,,,,,,,,,,,,ilmainen,,,,Leppävesi,Laukaa,,,,,,,,,,
231,Talotekniikka Väyrynen,"Alasentie 85, 41180 Laukaa","62,425214","25,667978",,358442843580,Rakentaminen ja remontointi,,,,,,,,,,,,ilmainen,,,,Vehniä,Laukaa,,,,,,,,,,
233,Tmi Aki Tuppurainen,"Lehtorinne 9 A, 41310 Laukaa","62,313839","25,842369",,358400251637,Rakentaminen ja remontointi,,,,,,,,,,,,ilmainen,,,,Leppävesi,Laukaa,,,,,,,,,,
234,VaskiTeam,"Pitkärannantie 70, 41325 Laukaa","62,400507","26,043664",,358443731471,Rakentaminen ja remontointi,,,,,,,,,,,,ilmainen,,,,Laukaa kk,Laukaa,,,,,,,,,,
236,Tmi Marika Kurkipuro,"Kankaistentie 57, 41400 Laukaa","62,236741","26,213298",,358400789843,Rakentaminen ja remontointi,,,,,,,,,,,,ilmainen,,,,Lievestuore,Laukaa,,,,,,,,,,
237,Tmi Tuula Rutanen,"Vehniäntie 652, 41350 Laukaa","62,42551","25,80392",,358405660914,Rakentaminen ja remontointi,,,,,,,,,,,,ilmainen,,,,Laukaa kk,Laukaa,,,,,,,,,,
238,Toiminimi Veikko Nieminen,"Onkiniementie 9, 41400 Laukaa","62,283875","26,020006",,358400647206,Rakentaminen ja remontointi,,,,,,,,,,,,ilmainen,,,,Lievestuore,Laukaa,,,,,,,,,,
239,WoodIT,"Sudenjälki 9, 41310 Laukaa","62,319046","25,837189",,358403010748,Rakentaminen ja remontointi,,,,,,,,,,,,ilmainen,,,,Leppävesi,Laukaa,,,,,,,,,,
296,Bistro Puulaaki,"Lintumäenkatu 3, 41310 Leppävesi, Laukaa, Suomi","62,3336178","25,8374007",https://www.bistropuulaaki.fi,358458513782,"Ravintola, kahvila","Bistro Puulaaki on lämminhenkinen ravintola ja kahvila Leppävedellä Hirviareenan urheilukeskuksessa. Tarjoaa monipuolista lounasta, à la carte -annoksia, kahvilaherkkuja sekä juomia. Toimii viihtyisänä kohtaamispaikkana niin urheilijoille, tapahtumakävijöille kuin paikallisille asukkaillekin. ([Bistro Puulaaki][1])",,[],,,,,,,[],,yritys,,,"ravintola, kahvila, lounas, Leppävesi, Laukaa, Hirviareena, buffetlounas, burgerit, tapahtumat, ryhmät, pitopalvelu",keski-suomi,laukaa,[bistropuulaaki@gmail.com](mailto:bistropuulaaki@gmail.com),[],[],,"paikan päällä, mukaan","on-site, takeaway",,"Sijaitsee Hirviareenan urheilukeskuksessa, sopii myös ryhmille ja tapahtumiin.",,
278,Laukaan Satamakahvila (Laukaan satama),"Satamatie 3, 41340 Laukaa",62.411087,"25,961",https://laukaansatama.fi,358505664962,Ruokailu,"Laukaan Satamakahvila on Saraaveden rannalla sijaitseva kesäinen kahvila ja vapaa-ajan keskus. Satama toimii myös vierasvenesatamana sekä tapahtumapaikkana, jossa järjestetään kesäisin konsertteja ja tapahtumia. Kahvilasta saa makeita ja suolaisia annoksia, jäätelöä sekä ruokaa pienempään ja suurempaan nälkään. Alueella on vuokrattavia saunoja, SUP-lautoja ja vesijettejä sekä monipuoliset ulkoilumahdollisuudet.",,,,,,,,,,,julkinen palvelu / matkailukohde,,,"satamakahvila, kahvila, ravintola, vierasvenesatama, tapahtumat, kesäkahvila, jäätelö, lauakka, saraavesi, venesatama, laivaranta",Laukaa satama,Laukaa,[info@laukaansatama.fi](mailto:info@laukaansatama.fi),,,,paikan päällä,LOCAL,0,"Sijaitsee Laukaan satamassa Saraaveden rannalla. Kesäkauden toimipiste, tapahtumia viikonloppuisin.",,
268,Jyväs Pakari Lievestuore,"Lievestuoreen Liisantie 15, 41400 Lievestuore","62,2530703","26,2089623",https://www.jyvaspakari.fi,3580103270654,Ruokailu,"Avoinna ma-pe klo 6:30-17, la 9-15. Lounaskahvilasta tuoreet leivät, pullat ja piirakat. Buffetlounas arkisin sekä keittolounas lauantaisin klo 10:30-14. Tilauksesta erilaiset suolaiset ja makeat kakut, piirakat sekä ruokaisat salaatit.",,,,,,,,,,,,,,"kahvila, lounas",Lievestuore,Laukaa,,,,,,,,,,
93,Lähipalvelu ja Grilli Jokis,"Vanhansillantie 3, 41340 Laukaa","62,423676","25,956371",,35814832656,Ruokailu,,,,,,,,,,,,ilmainen,,,,Laukaa kk,Laukaa,,,,,,,,,,
103,Cafe Anne-Maria Oy (Ravintola Rosanne),"Laukaantie 22, 41340 Laukaa","62,41454","25,954354",https://www.ravintolarosanne.fi,35814833030,Ruokailu,,,,,,,,,,,,ilmainen,,,ravintola,Laukaa kk,Laukaa,,,,,,,,,,
119,Pitopalvelu J.Sojakka,"Asemanraitti 12, 41310 Laukaa","62,329637","25,859745",https://www.pitopalvelusojakka.fi,358505780660,Ruokailu,,,,,,,,,,,,ilmainen,,,pitopalvelu,Leppävesi,Laukaa,,,,,,,,,,
243,Laukaan Tupaswilla Oy,"Äijäläntie 202, 41370 Laukaa","62,458337","25,943189",https://www.tupaswilla.fi,358405188461,Ruokailu,,,,,,,,,,,,ilmainen,,,"juhlatilat, ravintola",Laukaa kk,Laukaa,,,,,,,,,,
246,Bitoxo Oy (RAVINTOLA VIHTAHOUSU),"Haavistontie 5, Laukaa","62,367993","25,901294",https://www.vihtahousu.fi,358143771470,Ruokailu,,,,,,,,,,,,ilmainen,,,ravintola,Vihtavuori,Laukaa,,,,,,,,,,
249,Jabo -afrin,"Arwidssonintie 15 B 19, 41340 Laukaa","62,412113","25,952761",,,Ruokailu,,,,,,,,,,,,ilmainen,,,ravintola,Laukaa kk,Laukaa,,,,,,,,,,
252,Koskikahvio Ky Juhani Hänninen,"Suolahdentie 657, 41370 Laukaa","62,503523","25,890444",,358400727050,Ruokailu,,,,,,,,,,,,ilmainen,,,ravintola,Laukaa kk,Laukaa,,,,,,,,,,
255,Laukaan Matkailukeskus Oy,"Ruuhimäentie 1, 41400 Laukaa","62,24585","26,13574",https://www.laukaanhovi.fi,358504008645,Ruokailu,,,,,,,,,,,,ilmainen,,,"kahvila, huvit",Lievestuore,Laukaa,,,,,,,,,,
256,Rastas Ravintola Oy,"Laukaantie 26, 41340 Laukaa","62,415125","25,951927",https://pubjuoma.fi,358445023233,Ruokailu,,,,,,,,,,,,ilmainen,,,ravintola,Laukaa kk,Laukaa,,,,,,,,,,
257,Restella Oy (Caffitella),"Vuokaari 2, 41340 Laukaa","62,413063","25,947868",https://www.caffitella.fi,358102312297,Ruokailu,,,,,,,,,,,,ilmainen,,,"ravintola, kahvila",Laukaa kk,Laukaa,,,,,,,,,,
258,Restel Liikenneasemat Oy (ST1 Lievestuore),"Liepeentie 2 A, 41400 Laukaa","62,250828","26,177395",https://www.restel.fi,,Ruokailu,,,,,,,,,,,,ilmainen,,,"kahvila, ravintola",Lievestuore,Laukaa,,,,,,,,,,
259,Ruokalandia Oy,"Ruuhimäentie 1, 41400 Laukaa","62,24585","26,13574",,358405249478,Ruokailu,,,,,,,,,,,,ilmainen,,,ravintola,Lievestuore,Laukaa,,,,,,,,,,
260,T:mi Lounaskahvio Huumo (Ysitien grilli),"Kuopiontie 1897, 41400 Laukaa","62,252346","26,239901",,35814861941,Ruokailu,,,,,,,,,,,,ilmainen,,,ravintola,Lievestuore,Laukaa,,,,,,,,,,
261,T. Lamio,"Liepeentie 11, 41400 Laukaa","62,261255","26,195788",,35814861244,Ruokailu,,,,,,,,,,,,ilmainen,,,ravintola,Lievestuore,Laukaa,,,,,,,,,,
262,Tmi Medya,"Liepeentie 10, 41400 Laukaa","62,2501824","26,1756902",,358143100251,Ruokailu,,,,,,,,,,,,ilmainen,,,ravintola,Lievestuore,Laukaa,,,,,,,,,,
263,Varjolan Tilan Matkailu Oy,"Vilppulantie 51, 41370 Laukaa","62,4573","25,934359",https://www.varjola.com,358207928080,Ruokailu,,,,,,,,,,,,ilmainen,,,"ravintola, juhlatilat, huvit",Laukaa kk,Laukaa,,,,,,,,,,
264,VL-Marketing,"Vihtavuorentie 180, 41330 Laukaa","62,36092","25,916365",,358503069070,Ruokailu,,,,,,,,,,,,ilmainen,,,"kahvila, ravintola",Vihtavuori,Laukaa,,,,,,,,,,
266,Lempileivos,"Hohontie 453, Laukaa","62,251805","26,213247",https://www.lempileivos.com,,Ruokailu,,,,,,,,,,,,ilmainen,,,"pitopalvelu, juhlatilat",Lievestuore,Laukaa,,,,,,,,,,
300,Nuohous Lapin Mies Oy,"Pellonreuna 11 B 13, 40520 Jyväskylä, Suomi","62,2196874","25,7672757",https://www.nuohouslapinmies.fi,451403597,Nuohouspalvelut,"Nuohous Lapin Mies Oy tarjoaa ammattitaitoiset nuohouspalvelut Keski-Suomen alueella. Palveluihin kuuluvat savuhormien ja tulisijojen nuohous, tarkastukset sekä paloturvallisuuteen liittyvä neuvonta.",,[],,,,,,,[],,yritys,,,"nuohous, nuohooja, savuhormi, tulisija, paloturvallisuus, Keski-Suomi, Jyväskylä, hormien puhdistus, kiinteistöhuolto",keski-suomi,jyvaskyla,arto@nuohouslapinmies.fi,[],[],,Paikan päällä,onsite,Keski-Suomi,Palvelut saatavilla Keski-Suomen alueella sopimuksen mukaan.,Yrittäjänä toimii Arto Pieskä. Säännöllinen nuohous parantaa paloturvallisuutta ja energiatehokkuutta.,
301,SS Notariaatti Oy – Lievestuoreen toimipiste,"Lievestuore, Laukaa, Suomi","62,25","26,176",https://ssnotariaatti.fi,,Lakipalvelut ja notariaattipalvelut,"SS Notariaatti Oy tarjoaa notariaattipalveluita ja asiakirjojen vahvistamiseen liittyviä palveluja Lievestuoreen alueella. Palveluihin kuuluvat muun muassa valtakirjat, todistukset, asiakirjojen oikeaksi todistaminen sekä muut juridiset vahvistuspalvelut. Toimipiste palvelee sekä yksityishenkilöitä että yrityksiä joustavasti.",,[],,,,,,,[],,yritys,,,"notariaatti, notaaripalvelut, asiakirjojen vahvistus, valtakirjat, Lievestuore, Laukaa, lakipalvelut, todistukset, juridiset palvelut",lievestuore,laukaa,,[],[],,Toimipiste ja mahdollisesti ajanvarauksella,onsite,,Palvelu suositellaan varattavaksi etukäteen.,Paikallinen toimipiste palvelee Lievestuoreen ja Laukaan alueella.,